t_sec,ABack_x,ABack_y,ABack_z
761.13,-1.013672,-1.47168,2.17334
761.14,-0.492676,-1.441406,1.493652
761.15,-0.088867,-1.054199,1.172363
761.16,0.020508,-0.660645,0.969238
761.17,0.132324,-0.387695,0.669434
761.18,0.458984,-0.221191,0.371094
761.19,0.864258,-0.069336,0.22168
761.2,1.037598,-0.039551,0.07373
761.21,0.770508,-0.176758,-0.129395
761.22,0.258789,-0.254883,-0.126465
761.23,0.018555,-0.120605,-0.154297
761.24,-0.022461,0.165039,-0.018066
761.25,0.092285,0.493164,0.191406
761.26,0.3125,0.697266,0.208496
761.27,0.459961,0.501953,-0.023926
761.28,0.500488,0.176758,0.145508
761.29,0.674805,0.02832,0.774414
761.3,1.053711,0.131348,1.855957
761.31,1.383301,0.141113,2.021484
761.32,1.402344,-0.060547,2.068359
761.33,1.489746,-0.211426,2.189453
761.34,1.705078,-0.437012,1.95459
761.35,1.935059,-0.585449,3.738281
761.36,0.787109,-0.90918,0.633789
761.37,0.550781,-1.009766,1.427734
761.38,0.308105,-0.970215,1.024414
761.39,0.081055,-0.74707,0.797852
761.4,-0.239746,-0.379883,0.70752
761.41,-0.560059,-0.077148,0.353027
761.42,-0.68457,-0.010254,-0.011719
761.43,-0.704102,-0.103027,-0.14502
761.44,-0.494629,-0.237305,-0.096191
761.45,-0.26416,-0.134766,-0.125977
761.46,-0.206543,0.107422,-0.064941
761.47,-0.286133,0.344238,0.196777
761.48,-0.398926,0.474121,0.36084
761.49,-0.540527,0.616211,0.910645
761.5,-0.823242,0.709473,1.368164
761.51,-1.212402,0.571777,1.473145
761.52,-1.492188,0.402344,1.562988
761.53,-1.374512,0.207031,1.67627
761.54,-1.086914,-0.193359,2.001953
761.55,-1.061523,-0.654785,2.468262
761.56,-0.831055,-0.962402,2.360352
761.57,-0.345703,-1.014648,1.992188
761.58,0.119629,-0.894043,1.536621
761.59,0.388184,-0.831055,1.165527
761.6,0.464844,-0.88916,1.07666
761.61,0.475586,-0.960449,0.853516
761.62,0.625977,-0.895996,0.559082
761.63,0.814453,-0.694824,0.331543
761.64,0.578613,-0.48584,-0.062012
761.65,0.115234,-0.375,0.005371
761.66,-0.189941,-0.087402,-0.157715
761.67,-0.202148,0.251465,0.078613
761.68,-0.060059,0.455566,0.210449
761.69,0.117676,0.560547,0.225586
761.7,0.254883,0.607422,0.091309
761.71,0.263672,0.5,-0.050781
761.72,0.129883,0.291504,-0.01123
761.73,0.079102,0.087402,0.374512
761.74,0.333008,0.174805,1.126465
761.75,0.621582,0.233398,1.833984
761.76,0.737793,0.196777,2.184082
761.77,1.012207,-0.083496,2.643555
761.78,1.321777,-0.363281,2.15625
761.79,1.070313,-1.335449,1.587891
761.8,0.660156,-0.509766,1.438477
761.81,0.556641,-0.618652,1.366211
761.82,0.531738,-0.948242,1.157227
761.83,0.446289,-1.052246,1.058594
761.84,0.244141,-0.791992,1.024414
761.85,-0.155273,-0.520996,0.808105
761.86,-0.345215,-0.337402,0.353027
761.87,-0.362793,-0.183105,-0.212891
761.88,-0.175293,-0.062012,-0.152832
761.89,0.102051,0.020508,-0.015625
761.9,0.189453,0.311523,0.011719
761.91,-0.006348,0.673828,0.124512
761.92,-0.36084,0.858887,0.368652
761.93,-0.69043,1.027832,0.950195
761.94,-1.141113,0.854492,1.195801
761.95,-1.32666,0.595703,1.15918
761.96,-1.193359,0.280762,1.56543
761.97,-0.939453,-0.442383,2.270996
761.98,-1.344727,-0.744141,2.69043
761.99,-1.056152,-1.135742,1.993164
762.0,-0.689941,-1.172363,1.960449
762.01,-0.48291,-0.880859,1.739258
762.02,-0.14209,-0.597656,1.358398
762.03,0.234863,-0.453125,1.065918
762.04,0.456055,-0.521973,0.959473
762.05,0.625977,-0.64502,0.739258
762.06,0.804199,-0.605957,0.422852
762.07,0.840332,-0.489258,0.299805
762.08,1.139648,-0.402832,0.031738
762.09,0.959473,-0.23584,-0.052246
762.1,0.491699,-0.108398,-0.207031
762.11,0.064453,-0.078613,-0.114746
762.12,-0.026367,-0.007813,0.307129
762.13,-0.030762,0.126465,0.21582
762.14,-0.009277,0.27002,0.185547
762.15,-0.087402,0.184082,0.152832
762.16,-0.079102,-0.03125,0.231934
762.17,0.006348,-0.343262,0.370117
762.18,0.12207,-0.623047,0.700684
762.19,0.182129,-0.62793,1.123535
762.2,0.310059,-0.25,1.519043
762.21,0.539063,0.380859,1.953125
762.22,0.505859,0.692871,2.295898
762.23,0.420898,0.737793,2.712891
762.24,0.503418,0.44043,2.637207
762.25,0.555664,-0.04834,2.100098
762.26,0.374512,-0.496094,1.839355
762.27,0.139648,-0.70459,2.003906
762.28,0.021973,-0.620117,1.8125
762.29,-0.045898,-0.523438,1.493164
762.3,-0.078613,-0.437012,1.161621
762.31,-0.190918,-0.410156,0.774414
762.32,-0.334961,-0.537109,0.587891
762.33,-0.333984,-0.693359,0.408203
762.34,-0.391602,-0.638184,0.240234
762.35,-0.345703,-0.485352,-0.035645
762.36,-0.136719,-0.276367,-0.117676
762.37,0.075684,-0.054199,-0.043457
762.38,0.190918,0.18457,-0.056641
762.39,0.190918,0.51709,-0.003906
762.4,0.070801,0.806152,-0.002441
762.41,-0.143555,0.84668,0.091309
762.42,-0.316895,0.544922,0.108887
762.43,-0.372559,0.210449,0.32959
762.44,-0.46875,-0.036133,1.036621
762.45,-0.701172,-0.033691,2.044434
762.46,-1.157715,-0.147461,1.997559
762.47,-1.008301,-0.165527,1.691895
762.48,-0.751465,-0.357422,2.333008
762.49,-0.304688,-0.993164,2.494629
762.5,-0.585449,-0.989258,2.242188
762.51,-0.305664,-0.61377,2.015625
762.52,0.001465,-0.538574,1.647461
762.53,0.165527,-0.578125,1.557617
762.54,0.061035,-0.546875,1.291992
762.55,0.115234,-0.529785,0.874023
762.56,0.36377,-0.573242,0.650391
762.57,0.506836,-0.584961,0.493652
762.58,0.541992,-0.527344,0.321289
762.59,0.318359,-0.434082,0.153809
762.6,-0.108887,-0.209473,0.070801
762.61,-0.322266,0.105957,-0.041992
762.62,-0.394531,0.432617,0.064453
762.63,-0.445801,0.69043,0.257324
762.64,-0.459961,0.696777,0.128418
762.65,-0.327148,0.536621,-0.07666
762.66,-0.086426,0.31543,-0.174805
762.67,0.157715,0.054199,-0.106445
762.68,0.299805,-0.249512,0.095215
762.69,0.391113,-0.414063,0.750977
762.7,0.52832,-0.356445,1.87793
762.71,0.753906,-0.274902,2.711426
762.72,1.039063,-0.091309,2.837891
762.73,1.455566,0.19873,2.079102
762.74,1.643555,-0.114258,1.82373
762.75,1.493652,-0.61377,1.71582
762.76,1.22998,-0.797852,1.627441
762.77,0.940918,-0.774414,1.440918
762.78,0.581543,-0.685547,1.232422
762.79,0.236328,-0.630371,1.084473
762.8,-0.107422,-0.519531,0.898926
762.81,-0.434082,-0.339355,0.628418
762.82,-0.601563,-0.242676,0.274414
762.83,-0.629883,-0.208008,-0.135254
762.84,-0.458984,-0.164551,-0.39502
762.85,-0.196289,-0.052246,-0.259277
762.86,-0.038086,0.20459,-0.065918
762.87,-0.069336,0.458984,-0.114746
762.88,-0.265625,0.632813,-0.047852
762.89,-0.438477,0.63623,0.071777
762.9,-0.501465,0.570801,0.306641
762.91,-0.625488,0.546387,0.888672
762.92,-0.866211,0.507324,1.625
762.93,-1.376465,0.404785,1.740234
762.94,-1.609375,0.239746,1.487793
762.95,-1.429199,0.032227,1.944824
762.96,-1.241699,-0.626953,2.250977
762.97,-1.046387,-1.177246,2.430176
762.98,-0.686523,-0.984375,2.410645
762.99,-0.115723,-0.775879,1.973145
763.0,0.200195,-0.84668,1.643066
763.01,0.369141,-0.892578,1.499023
763.02,0.507813,-0.747559,1.213379
763.03,0.618652,-0.642578,0.844727
763.04,0.751465,-0.589355,0.649902
763.05,0.695313,-0.49707,0.401855
763.06,0.520508,-0.315918,0.17334
763.07,0.168945,-0.12793,0.14209
763.08,-0.229492,0.102539,0.128906
763.09,-0.413086,0.361816,-0.07666
763.1,-0.484863,0.468262,0.035156
763.11,-0.535156,0.458496,0.234375
763.12,-0.444336,0.410645,0.272949
763.13,-0.254883,0.372559,0.18457
763.14,0.018066,0.316895,0.207031
763.15,0.238281,0.130859,0.247559
763.16,0.276855,-0.268555,0.44043
763.17,0.311035,-0.615723,1.01123
763.18,0.437988,-0.612305,1.820313
763.19,0.785645,-0.312012,1.773926
763.2,0.839355,0.108398,2.630371
763.21,0.836426,0.233887,2.397461
763.22,1.027832,0.039063,1.797852
763.23,0.952148,-0.405273,1.668457
763.24,0.803711,-0.755371,1.598145
763.25,0.623535,-0.851563,1.535156
763.26,0.424805,-0.767578,1.260742
763.27,0.168945,-0.678711,0.941895
763.28,-0.040527,-0.617188,0.903809
763.29,-0.244629,-0.501465,0.673828
763.3,-0.306641,-0.437012,0.36084
763.31,-0.34668,-0.326172,0.094727
763.32,-0.406738,-0.207031,-0.259277
763.33,-0.284668,0.106445,-0.222168
763.34,-0.137207,0.425781,-0.228516
763.35,-0.181152,0.631348,-0.19043
763.36,-0.257324,0.684082,-0.17334
763.37,-0.362793,0.470703,0.069824
763.38,-0.387207,0.193848,0.328613
763.39,-0.369629,0.004395,0.637695
763.4,-0.518555,0.087402,1.379395
763.41,-0.94873,0.179688,1.907227
763.42,-1.258301,0.220703,1.764648
763.43,-1.006348,0.129395,2.067871
763.44,-1.03125,-0.289551,2.458008
763.45,-0.932129,-0.703125,2.296387
763.46,-0.607422,-0.707031,2.294922
763.47,-0.18457,-0.690918,1.954102
766.65,0.566406,-0.611328,1.965332
766.66,0.291992,-0.727539,2.030273
766.67,0.06543,-0.787109,1.760254
766.68,-0.037109,-0.841309,1.510254
766.69,-0.069824,-0.882324,1.304199
766.7,-0.018066,-0.891602,1.111816
766.71,0.085938,-0.770508,0.931641
766.72,0.091797,-0.62207,0.670898
766.73,-0.032227,-0.467285,0.436523
766.74,-0.062012,-0.282227,0.251953
766.75,0.068848,-0.158691,-0.020508
766.76,0.222168,-0.144043,-0.066406
766.77,0.284668,-0.069336,0.0625
766.78,0.188965,0.001953,0.267578
766.79,0.01416,0.055176,0.405273
766.8,-0.111816,0.112305,0.330566
766.81,-0.178711,0.368164,0.506348
766.82,-0.307617,0.430664,0.602539
766.83,-0.469238,0.324219,0.720703
766.84,-0.567383,0.288574,1.208496
766.85,-0.675781,0.209473,1.511719
766.86,-0.840332,-0.027344,1.861328
766.87,-0.928223,-0.461914,2.048828
766.88,-0.817871,-0.905273,2.030762
766.89,-0.60498,-1.025879,2.028809
766.9,-0.376465,-0.846191,1.995605
766.91,-0.214844,-0.682617,1.646973
766.92,0.036133,-0.619141,1.419434
766.93,0.270508,-0.646973,1.325195
766.94,0.439941,-0.714355,1.292969
766.95,0.555664,-0.771484,1.072754
766.96,0.623535,-0.814941,0.720703
766.97,0.702148,-0.783691,0.492676
766.98,0.695313,-0.623535,0.200684
766.99,0.450195,-0.481934,-0.097168
767.0,0.069336,-0.396973,-0.041504
767.01,-0.15625,-0.276367,0.177734
767.02,-0.203125,-0.174805,0.294922
767.03,-0.119141,-0.053223,0.415527
767.04,0.037109,0.155762,0.285156
767.05,0.137207,0.382813,0.162109
767.06,0.118652,0.442871,0.152832
767.07,0.162109,0.385254,0.497559
767.08,0.32666,0.483398,1.197266
767.09,0.57959,0.530762,1.510254
767.1,0.692871,0.202637,1.861816
767.11,0.772949,-0.394531,2.260742
767.12,0.950684,-0.65918,2.100586
767.13,0.972168,-0.730469,2.107422
767.14,0.623047,-0.734863,2.078125
767.15,0.296387,-0.705566,1.822266
767.16,0.100586,-0.730957,1.428711
767.17,0.000488,-0.789551,1.095215
767.18,0.008301,-0.724609,0.912598
767.19,-0.025391,-0.588379,0.702637
767.2,-0.112305,-0.407227,0.606445
767.21,-0.175781,-0.293457,0.329102
767.22,-0.140625,-0.28418,-0.016113
767.23,0.05957,-0.223633,0.016113
767.24,0.303711,-0.015137,0.137695
767.25,0.36084,0.321777,-0.050781
767.26,0.196289,0.64502,-0.002441
767.27,-0.091309,0.834473,0.257324
767.28,-0.319824,0.891602,0.443359
767.29,-0.499023,0.862305,1.138672
767.3,-0.806641,0.40625,1.405762
767.31,-0.940918,0.184082,1.360352
767.32,-0.92041,0.114258,1.908203
767.33,-1.085449,-0.350586,2.432129
767.34,-1.098145,-0.864258,2.480957
767.35,-0.804199,-1.106934,2.180664
767.36,-0.43457,-0.984375,2.151855
767.37,-0.103516,-0.765625,1.767578
767.38,0.120605,-0.620117,1.40332
767.39,0.353027,-0.605469,1.054199
767.4,0.567383,-0.618652,0.836914
767.41,0.660645,-0.494141,0.567383
767.42,0.717773,-0.302734,0.230957
767.43,0.74707,-0.243164,-0.047363
767.44,0.618652,-0.246582,-0.041016
767.45,0.375977,-0.314941,0.043457
767.46,0.188477,-0.445801,0.00293
767.47,0.025879,-0.546875,0.181641
767.48,0.069824,-0.456055,0.314453
767.49,0.294434,-0.20166,0.270996
767.5,0.460449,0.088867,0.256836
767.51,0.499023,0.230469,0.137695
767.52,0.529297,0.166992,0.098145
767.53,0.537109,0.11377,0.228027
767.54,0.452148,0.083496,0.538086
767.55,0.454102,0.165039,1.093262
767.56,0.562988,0.298828,2.147461
767.57,0.448242,0.459473,2.442871
767.58,0.5,0.356934,2.897949
767.59,0.593262,0.069824,2.545898
767.6,0.290527,-0.432617,1.904297
767.61,-0.054199,-0.743652,1.87207
767.62,-0.327148,-0.714355,1.847168
767.63,-0.541016,-0.515137,1.633789
767.64,-0.529785,-0.273438,1.438477
767.65,-0.414551,-0.087891,1.319824
767.66,-0.400391,-0.047852,0.972168
767.67,-0.48584,-0.204102,0.588379
767.68,-0.505859,-0.411133,0.257813
767.69,-0.402832,-0.465332,0.041504
767.7,-0.203613,-0.45459,-0.009277
767.71,0.093262,-0.39209,-0.00293
767.72,0.279785,-0.212891,-0.012695
767.73,0.385254,0.146484,0.033203
767.74,0.258301,0.496582,0.024414
767.75,0.040527,0.771484,0.120117
767.76,-0.19043,0.956543,0.381348
767.77,-0.430664,1.055176,1.046387
767.78,-0.790039,0.875977,1.540039
767.79,-1.163574,0.470703,1.373535
767.8,-1.337891,0.173828,1.162598
767.81,-1.151855,-0.146973,1.611816
767.82,-0.953125,-0.597168,2.291016
767.83,-0.863281,-0.876953,2.485352
767.84,-0.568359,-0.822754,2.188477
767.85,-0.200684,-0.782227,2.009766
767.86,0.10791,-0.770508,1.850586
767.87,0.20166,-0.858398,1.645996
767.88,0.195313,-0.849609,1.358398
767.89,0.19043,-0.717773,1.00293
767.9,0.329102,-0.620605,0.633789
767.91,0.515625,-0.554688,0.405762
767.92,0.55127,-0.464844,0.324707
767.93,0.416992,-0.289063,0.125
767.94,0.054688,-0.036133,-0.066406
767.95,-0.214844,0.342773,-0.140137
767.96,-0.275391,0.666992,-0.040039
767.97,-0.257324,0.791992,0.107422
767.98,-0.27002,0.621582,0.01123
767.99,-0.229004,0.404297,0.015625
768.0,-0.148926,0.272949,-0.004395
768.01,-0.028809,0.128418,-0.092285
768.02,0.114746,-0.076172,-0.078613
768.03,0.189453,-0.302246,0.202148
768.04,0.280762,-0.251953,0.981934
768.05,0.556152,-0.121094,1.85791
768.06,0.757813,-0.092773,2.508789
768.07,1.171387,0.17041,2.749512
768.08,1.506836,0.412598,1.907227
768.09,1.706055,0.184082,1.88623
768.1,1.626465,-0.397949,2.028809
768.11,1.376465,-0.762695,1.894043
768.12,1.088379,-0.82666,1.760254
768.13,0.807617,-0.807129,1.598145
768.14,0.425781,-0.778809,1.432129
768.15,-0.013672,-0.705078,1.199219
768.16,-0.448242,-0.625488,0.713867
768.17,-0.671875,-0.422363,0.412598
768.18,-0.730469,-0.164063,0.144531
768.19,-0.650391,-0.04541,-0.134277
768.2,-0.4375,-0.022461,-0.188965
768.21,-0.16748,0.126953,-0.087402
768.22,-0.049805,0.335449,-0.02002
768.23,-0.058594,0.472168,-0.105957
768.24,-0.138672,0.520508,-0.025391
768.25,-0.426758,0.524902,0.182129
768.26,-0.529785,0.442383,0.661133
768.27,-0.491211,0.236816,1.06543
768.28,-0.326172,0.17334,1.514648
768.29,-0.061035,0.28125,1.720215
768.3,0.026367,0.103516,1.648926
768.31,-0.222168,-0.119141,2.380371
768.32,-0.664551,-0.151855,2.125977
768.33,-0.866699,-0.121582,1.792969
768.34,-0.790527,0.075684,1.91748
768.35,-0.412598,0.168457,1.710938
795.41,0.431641,-0.420898,0.82959
795.42,0.518555,-0.477051,0.73877
795.43,0.489258,-0.535645,0.643066
795.44,0.338379,-0.555176,0.325684
795.45,0.112305,-0.529297,0.087402
795.46,-0.179688,-0.352051,0.226563
795.47,-0.290039,-0.101563,0.195801
795.48,-0.231934,0.180664,0.182129
795.49,-0.137207,0.478027,0.245117
795.5,-0.115234,0.578613,0.012207
795.51,-0.089844,0.47168,-0.071777
795.52,-0.025879,0.239746,0.033691
795.53,0.086426,0.039551,0.320313
795.54,0.297852,-0.006836,0.780273
795.55,0.623047,0.091797,1.385254
795.56,0.80127,0.141602,1.903809
795.57,0.747559,-0.114258,1.958984
795.58,0.845703,-0.251465,2.098145
795.59,0.912109,-0.301758,1.750488
795.6,0.862793,-0.585449,1.859863
795.61,0.514648,-0.75,1.733398
795.62,0.259766,-0.82373,1.54248
795.63,0.112793,-0.806152,1.470703
795.64,0.022949,-0.6875,1.3125
795.65,-0.030762,-0.519043,1.188477
795.66,-0.129883,-0.380859,0.973633
795.67,-0.23291,-0.316895,0.660156
795.68,-0.387695,-0.294922,0.594727
795.69,-0.490723,-0.29541,0.353027
795.7,-0.405762,-0.276855,0.0
795.71,-0.166016,-0.262207,-0.232422
795.72,0.001465,-0.20459,-0.150879
795.73,0.011719,-0.039551,0.166992
795.74,-0.157227,0.144043,0.365723
795.75,-0.361328,0.458008,0.48877
795.76,-0.552734,0.853516,0.91748
795.77,-0.785645,0.959473,1.038086
795.78,-0.88916,0.754883,0.82373
795.79,-0.880859,0.50293,1.018555
795.8,-0.836914,0.124023,1.36084
795.81,-0.856934,-0.176758,1.67334
795.82,-0.969238,-0.354492,1.865234
795.83,-0.828613,-0.34375,1.931641
795.84,-0.516113,-0.283203,1.895508
795.85,-0.26416,-0.41748,1.830078
795.86,-0.058594,-0.546875,1.71875
795.87,0.14209,-0.538574,1.596191
795.88,0.223145,-0.540527,1.287109
795.89,0.219727,-0.566406,1.043945
795.9,0.266602,-0.612793,0.951172
795.91,0.379395,-0.584473,0.917969
795.92,0.459473,-0.512207,0.663574
795.93,0.473145,-0.454102,0.319336
795.94,0.272949,-0.403809,0.154297
795.95,-0.055664,-0.29834,0.130859
795.96,-0.15625,-0.109863,0.118164
795.97,-0.022949,0.124512,0.283691
795.98,0.161133,0.244141,0.390625
795.99,0.231934,0.289063,0.328125
796.0,0.169434,0.321777,0.338867
796.01,0.138672,0.36377,0.519531
796.02,0.270508,0.316895,0.859863
796.03,0.466309,0.206543,1.038086
796.04,0.600098,0.192871,1.245117
796.05,0.643066,0.234375,1.421387
796.06,0.750488,0.124023,1.478027
796.07,0.769043,-0.217773,1.486816
796.08,0.586426,-0.528809,1.71875
796.09,0.247559,-0.631836,1.885742
796.1,-0.092285,-0.641113,1.759277
796.11,-0.321289,-0.683105,1.421387
796.12,-0.366211,-0.696777,1.375488
796.13,-0.375977,-0.674316,1.259766
796.14,-0.426758,-0.592285,1.133789
796.15,-0.524902,-0.497559,0.878418
796.16,-0.526855,-0.501465,0.419434
796.17,-0.272949,-0.38623,0.208008
796.18,-0.002441,-0.363281,0.086426
796.19,0.125977,-0.363281,0.155273
796.2,0.101563,-0.293945,0.353516
796.21,-0.034668,-0.151367,0.36377
796.22,-0.215332,0.11377,0.494629
796.23,-0.408691,0.541992,0.884277
796.24,-0.598145,0.666016,0.918945
796.25,-0.690918,0.464844,0.960449
796.26,-0.728516,0.28125,1.190918
796.27,-0.729004,-0.016602,1.415039
796.28,-0.700684,-0.269531,1.573242
796.29,-0.565918,-0.280273,1.368164
796.3,-0.47998,-0.080566,1.383301
796.31,-0.444824,0.191406,1.42041
796.32,-0.420898,0.37793,1.316895
796.33,-0.367188,0.391602,1.194824
796.34,-0.366211,0.279297,1.174805
796.35,-0.392578,0.039063,1.123535
796.36,-0.338867,-0.23877,1.003418
796.37,-0.189941,-0.496582,0.966797
796.38,-0.083984,-0.730957,1.121582
796.39,-0.093262,-0.899414,0.980469
809.17,0.155762,-0.50293,0.869141
809.18,-0.034668,-0.375977,0.608398
809.19,-0.171387,-0.275391,0.251953
809.2,-0.27002,-0.255859,0.130371
809.21,-0.282715,-0.266602,0.026855
809.22,-0.117676,-0.219727,-0.075684
809.23,0.06543,-0.067871,-0.123535
809.24,0.068359,0.083008,0.00293
809.25,-0.132324,0.246094,0.313477
809.26,-0.394043,0.398438,0.630859
809.27,-0.720215,0.55127,1.076172
809.28,-1.04834,0.51123,1.35498
809.29,-1.220703,0.228027,1.564941
809.3,-1.096191,0.038086,1.831055
809.31,-1.096191,0.038086,1.831055
809.32,-0.869141,-0.214355,2.043945
809.33,-0.999023,-0.568359,2.192871
809.34,-0.842773,-0.782227,2.124023
809.35,-0.498047,-0.904297,1.895508
809.36,-0.066895,-0.864746,1.745117
809.37,0.250488,-0.808594,1.643555
809.38,0.504883,-0.805176,1.537598
809.39,0.647461,-0.735352,1.413574
809.4,0.649902,-0.651855,1.045898
809.41,0.658203,-0.626465,0.644043
809.42,0.759766,-0.572754,0.509277
809.43,0.689941,-0.473633,0.307617
809.44,0.382813,-0.381348,0.084961
809.45,0.035645,-0.356934,0.075195
809.46,-0.155762,-0.217285,0.202148
809.47,-0.181641,0.001465,0.289063
809.48,-0.13916,0.214355,0.305664
809.49,-0.114258,0.379395,0.185547
809.5,-0.075684,0.421875,-0.004883
809.51,-0.066406,0.341797,-0.075195
809.52,0.001465,0.195801,0.144531
809.53,0.051758,-0.033691,0.428711
809.54,0.141602,-0.076172,0.971191
809.55,0.312012,0.053711,1.652344
809.56,0.443848,0.03418,2.059082
809.57,0.437012,-0.055176,2.060059
809.58,0.656738,-0.05127,2.001465
809.59,0.949707,-0.228027,1.774414
809.6,0.91748,-0.594238,1.892578
809.61,0.555176,-0.765137,1.765625
809.62,0.291992,-0.800781,1.550293
809.63,0.258789,-0.789063,1.442871
809.64,0.057617,-0.804688,1.085938
809.65,-0.02002,-0.747559,0.834473
809.66,-0.055176,-0.616699,0.603516
809.67,-0.115234,-0.476074,0.365723
809.68,-0.120605,-0.335938,0.167969
809.69,-0.03418,-0.216797,0.005371
809.7,0.154297,-0.079102,0.078613
809.71,0.256836,0.192383,0.085938
809.72,0.199707,0.474121,0.074219
809.73,0.012207,0.615723,0.099121
809.74,-0.238281,0.505371,0.18457
809.75,-0.38623,0.26709,0.390137
809.76,-0.358398,0.062012,0.709473
809.77,-0.312988,-0.13623,1.155762
809.78,-0.383301,-0.384766,1.469238
809.79,-0.354004,-0.447266,1.601074
809.8,-0.250488,-0.304688,2.013672
809.81,-0.27002,-0.286133,2.494141
809.82,-0.385742,-0.581543,2.443359
809.83,-0.316895,-0.82666,2.141602
809.84,-0.034668,-0.970215,1.816406
809.85,0.234863,-0.965332,1.463867
809.86,0.427246,-0.765137,1.370605
809.87,0.559082,-0.51416,1.294922
809.88,0.819824,-0.355957,1.133301
809.89,1.150879,-0.322754,0.829102
809.9,1.376465,-0.349609,0.457031
809.91,1.120117,-0.430664,0.04248
809.92,0.65625,-0.470703,0.020508
809.93,0.203125,-0.445801,0.179688
809.94,0.01123,-0.266113,0.046387
809.95,-0.023926,0.006836,-0.227539
809.96,0.11377,0.350098,-0.030762
809.97,0.184082,0.587891,0.30957
809.98,0.170898,0.681152,0.466309
809.99,0.312012,1.018555,1.083496
810.0,0.597168,1.133789,1.606445
810.01,0.774414,0.540039,1.324707
810.02,0.919434,-0.181152,2.146484
810.03,0.966309,-0.807617,2.695313
810.04,0.682617,-0.930664,2.116211
810.05,0.235352,-0.797363,1.944824
810.06,-0.047852,-0.759766,1.851074
810.07,-0.203125,-0.801758,1.498535
810.08,-0.263672,-0.938965,1.136719
810.09,-0.192383,-0.964844,0.705078
810.1,-0.135742,-0.741699,0.320313
810.11,-0.176758,-0.452637,-0.026855
810.12,-0.200684,-0.203613,0.0
810.13,-0.081055,0.029785,0.345703
810.14,0.003906,0.124512,0.215332
810.15,0.208008,0.305176,-0.196777
810.16,0.299316,0.55127,-0.089844
810.17,0.080078,0.634766,0.299316
810.18,-0.189453,0.545898,0.341309
810.19,-0.291016,0.518066,0.51416
810.2,-0.421387,0.613281,1.193359
810.21,-0.648926,0.516602,1.526367
810.22,-0.782715,0.163574,1.704102
810.23,-0.787109,-0.271973,1.837891
810.24,-0.653809,-0.935547,2.407715
810.25,-0.415527,-1.544922,2.657227
810.26,-0.122559,-1.635742,2.697266
810.27,0.198242,-1.259277,2.162109
810.28,0.668457,-0.811523,1.550293
810.29,0.716309,-0.686035,0.98584
810.3,0.607422,-0.68457,0.944824
810.31,0.430176,-0.665039,0.459473
810.32,0.597656,-0.534668,0.231445
810.33,0.769043,-0.304688,0.095703
810.34,0.624512,-0.162598,-0.025879
810.35,0.073242,-0.067383,0.120117
810.36,-0.34082,0.141113,0.140625
810.37,-0.572754,0.358398,0.090332
810.38,-0.631348,0.533203,0.211426
810.39,-0.462402,0.606445,0.263672
810.4,-0.161133,0.518066,0.338867
810.41,0.047852,0.29541,0.317383
810.42,0.175293,0.057129,0.648438
810.43,0.297363,-0.23877,0.982422
810.44,0.714844,-0.075684,2.060059
810.45,0.98291,0.151367,2.533203
810.46,0.828613,-0.061035,2.18457
810.47,0.871582,-0.520996,2.404297
810.48,0.964844,-1.002441,2.33252
810.49,0.805664,-1.053223,1.703613
810.5,0.511719,-0.786133,1.358398
810.51,0.282227,-0.796875,0.984863
810.52,0.208984,-0.925293,0.634766
810.53,0.115234,-0.944824,0.486816
810.54,-0.055176,-0.744141,0.410645
810.55,-0.205566,-0.536621,0.137207
810.56,-0.169922,-0.170898,-0.09082
810.57,-0.090332,0.196289,-0.117676
810.58,-0.024902,0.525391,-0.206543
810.59,0.041504,0.844727,-0.293457
810.6,0.00293,0.952637,-0.209473
810.61,-0.162598,0.742676,0.208984
810.62,-0.311035,0.462402,0.653809
810.63,-0.516602,0.211426,0.989258
810.64,-0.807617,0.209473,1.76123
810.65,-1.280273,0.206543,2.337891
810.66,-1.561523,0.095703,1.886719
810.67,-1.553711,-0.238281,1.853027
810.68,-1.652344,-0.555664,2.600098
810.69,-1.440918,-0.871094,2.627441
810.7,-0.687988,-1.026855,2.189453
810.71,0.063965,-1.055664,1.758789
810.72,0.580078,-0.976074,1.330566
810.73,0.824707,-1.090332,1.225098
810.74,0.703125,-1.180664,0.775391
810.75,0.733398,-1.144043,0.168945
810.76,0.912109,-0.944824,0.150391
810.77,0.728027,-0.66748,-0.019043
810.78,0.20459,-0.362793,-0.151855
810.79,-0.075195,0.219727,-0.035156
810.8,-0.205078,0.841309,0.182129
810.81,-0.22998,1.056641,0.240234
810.82,-0.112793,1.029297,0.116699
810.83,0.04834,0.854004,0.012207
810.84,0.090332,0.51416,0.003906
810.85,0.066895,0.166016,0.230469
810.86,0.179199,-0.155273,0.717773
810.87,0.508301,-0.138672,1.896973
810.88,0.842285,0.140137,2.828613
810.89,0.990234,0.100098,2.509766
810.9,1.324707,-0.24707,2.115723
810.91,1.60498,-0.581543,2.050781
810.92,1.237305,-0.936523,1.727051
810.93,0.714355,-0.907715,1.282715
810.94,0.463379,-0.757324,1.032715
810.95,0.231445,-0.717773,0.789063
810.96,-0.158203,-0.778809,0.650879
810.97,-0.518555,-0.777832,0.530273
810.98,-0.680664,-0.706543,0.149902
810.99,-0.503906,-0.5,-0.195313
811.0,-0.162109,-0.166992,-0.116211
811.01,-0.03125,0.175781,-0.026855
811.02,-0.12207,0.536133,-0.081543
811.03,-0.357422,0.956055,-0.218262
811.04,-0.606934,1.064941,-0.149902
811.05,-0.693359,0.75,0.089844
811.06,-0.567383,0.324707,0.451172
811.07,-0.571777,0.108398,1.350098
811.08,-0.951172,0.009277,2.269043
811.09,-1.431641,-0.195313,1.65625
811.1,-1.453125,-0.215332,1.944336
811.11,-1.433105,-0.377441,2.594238
811.12,-1.165039,-0.726074,2.584961
811.13,-0.508301,-1.003418,2.34375
811.14,-0.008789,-1.068848,1.863281
811.15,0.44873,-0.833496,1.285156
811.16,0.462891,-0.809082,0.95752
811.17,0.513184,-0.9375,0.60791
811.18,0.695313,-0.99707,0.491211
811.19,0.935547,-0.857422,0.300293
811.2,0.897461,-0.686035,0.000977
811.21,0.376465,-0.350098,0.003906
811.22,-0.098633,0.078125,-0.035156
811.23,-0.393555,0.562012,0.003418
811.24,-0.52002,0.874512,0.242188
811.25,-0.4375,1.061523,0.223633
811.26,-0.240234,1.009766,0.039551
811.27,-0.056641,0.653809,-0.091797
811.28,-0.027344,0.362793,0.153809
811.29,0.119141,0.088867,0.788086
811.3,0.478516,0.07666,1.983398
811.31,0.810059,0.138184,2.594238
811.32,1.01123,0.025879,2.497559
811.33,1.541504,-0.322266,2.54834
811.34,1.740234,-0.82959,2.185059
811.35,1.255371,-1.054688,1.919434
811.36,0.677734,-0.871094,1.410645
811.37,0.409668,-0.851074,0.887207
811.38,0.360352,-0.94873,0.626465
811.39,0.233887,-0.916992,0.533203
811.4,-0.111328,-0.672363,0.434082
811.41,-0.431641,-0.516602,-0.136719
811.42,-0.445313,-0.254883,-0.42041
811.43,-0.286133,0.125488,-0.154785
811.44,-0.149902,0.478516,-0.054199
811.45,-0.10498,0.888672,-0.169922
811.46,-0.277832,1.129395,0.100098
811.47,-0.549316,0.878418,0.173828
811.48,-0.724609,0.547852,0.125
811.49,-0.811035,0.337402,0.522949
811.5,-0.986816,0.320801,1.552734
811.51,-1.760254,0.102539,2.121094
811.52,-1.875488,0.120117,1.879883
811.53,-1.888672,-0.133301,2.13916
811.54,-2.023438,-0.732422,2.494141
811.55,-1.382813,-1.14502,2.536621
811.56,-0.578613,-1.101074,2.244141
811.57,0.04541,-1.009277,1.807129
811.58,0.138184,-0.972168,1.342285
811.59,0.448242,-1.225098,0.89502
811.6,0.642578,-1.213867,0.648438
811.61,0.87793,-1.001953,0.331543
811.62,0.882813,-0.689941,0.265137
811.63,0.678711,-0.461914,0.17334
811.64,0.234375,-0.124023,0.232422
811.65,-0.128418,0.240723,0.177246
811.66,-0.277832,0.713379,0.195801
811.67,-0.326172,1.072754,0.180664
811.68,-0.426758,1.081055,0.053711
811.69,-0.409668,0.814941,0.102539
811.7,-0.225098,0.387695,0.114258
811.71,0.06543,-0.06543,0.290527
811.72,0.334473,-0.467773,0.388672
811.73,0.478516,-0.892578,0.498535
811.74,0.261719,-1.123535,0.875488
811.75,0.036621,-0.840332,1.172852
811.76,0.246094,-0.367676,1.914063
811.77,0.73291,-0.222656,3.23584
811.78,1.213867,0.131836,3.108398
811.79,1.583984,0.385742,1.852539
811.8,1.421875,0.211914,1.490234
811.81,1.07959,-0.196777,1.361816
811.82,0.735352,-0.421387,1.507813
811.83,0.336426,-0.444824,1.48877
811.84,-0.037598,-0.384766,1.100098
811.85,-0.387695,-0.362305,0.557129
811.86,-0.769531,-0.394043,0.211914
811.87,-0.905273,-0.438965,0.108398
811.88,-0.79541,-0.418457,-0.01709
811.89,-0.509277,-0.352051,-0.167969
811.9,-0.254883,-0.158691,-0.148926
811.91,-0.137695,0.163574,-0.075684
811.92,-0.104004,0.507813,-0.143555
811.93,-0.194336,0.737305,-0.103027
811.94,-0.343262,0.660645,0.010254
811.95,-0.406738,0.583984,0.132813
811.96,-0.533691,0.623535,0.62207
811.97,-0.822266,0.708984,1.668945
811.98,-1.623535,0.209961,2.116211
811.99,-1.624023,-0.072266,1.82959
812.0,-1.217285,-0.232422,1.883789
812.01,-1.347656,-0.824707,3.133301
812.02,-1.030762,-1.256348,2.779785
812.03,-0.307617,-1.163086,2.390137
812.04,0.20752,-0.94873,1.795898
812.05,0.36377,-0.870605,1.236816
812.06,0.352051,-1.135742,1.005371
812.07,0.369141,-0.962402,0.586426
812.08,0.54541,-0.68457,0.126465
812.09,0.712402,-0.347656,0.080566
812.1,0.583984,-0.117676,0.198242
812.11,0.084473,0.186523,0.337402
812.12,-0.305664,0.465332,0.14209
812.13,-0.453125,0.776367,0.214355
812.14,-0.495605,0.909668,0.220703
812.15,-0.486328,0.893066,0.121582
812.16,-0.41748,0.717773,0.121094
812.17,-0.283203,0.333496,0.128418
812.18,-0.052734,-0.058594,0.097168
812.19,0.169922,-0.470215,0.158203
812.2,0.27832,-0.906738,0.401855
812.21,0.325195,-0.939941,1.315918
812.22,0.37793,-0.693359,2.265625
812.23,0.550781,-0.498047,2.999512
812.24,0.912109,0.064453,2.9375
812.25,1.366699,0.496094,1.901367
812.26,1.583008,0.104492,1.629395
812.27,1.437988,-0.375488,1.40625
812.28,1.185547,-0.518066,1.377441
812.29,0.841797,-0.435547,1.27832
812.3,0.407227,-0.383301,0.973633
812.31,-0.084473,-0.39209,0.657227
812.32,-0.527832,-0.354492,0.373535
812.33,-0.801758,-0.271973,0.19873
812.34,-0.837891,-0.242676,-0.348145
812.35,-0.603516,-0.146973,-0.556641
812.36,-0.309082,0.129395,-0.286133
812.37,-0.220703,0.352051,-0.093262
812.38,-0.294922,0.427246,-0.042969
812.39,-0.381348,0.448242,-0.031738
818.45,-0.254883,-0.321289,0.12207
818.46,-0.344238,-0.070313,-0.029297
818.47,-0.212402,0.166016,0.065918
818.48,-0.11377,0.390625,-0.185059
818.49,-0.068359,0.620605,-0.329102
818.5,-0.171875,0.705078,-0.085449
818.51,-0.357422,0.595215,0.05957
818.52,-0.391602,0.438477,0.259277
818.53,-0.445801,0.318359,0.783691
818.54,-0.736328,0.286133,1.538086
818.55,-1.253418,0.177246,1.737793
818.56,-1.589355,0.242676,1.688477
818.57,-1.487793,0.042969,1.890137
818.58,-1.580566,-0.464844,2.256348
818.59,-1.663086,-0.691895,2.380371
818.6,-1.165527,-0.645508,2.089355
818.61,-0.477539,-0.672363,1.86377
818.62,0.058594,-0.688477,1.748535
818.63,0.44873,-0.839844,1.539551
818.64,0.621094,-1.00293,1.277344
818.65,0.672363,-1.006836,0.876953
818.66,0.754883,-0.977539,0.455078
818.67,0.889648,-0.875,0.254395
818.68,0.849609,-0.740234,0.080078
818.69,0.426758,-0.528809,0.089844
818.7,-0.050293,-0.248047,0.088867
818.71,-0.293945,0.132324,0.104492
818.72,-0.345703,0.47998,0.240723
818.73,-0.358887,0.646973,0.376953
818.74,-0.330566,0.761719,0.381348
818.75,-0.243164,0.710938,0.253906
818.76,-0.038086,0.415527,0.13916
818.77,0.194336,0.062012,0.144531
818.78,0.298828,-0.326172,0.342285
818.79,0.199219,-0.61084,0.830078
818.8,0.157227,-0.72168,1.251953
818.81,0.370117,-0.515625,1.75
818.82,0.541992,-0.197754,2.395996
818.83,0.643555,-0.131348,2.472656
818.84,0.821289,-0.087891,2.154785
818.85,0.970215,-0.20166,1.851563
818.86,0.890137,-0.57959,1.352539
818.87,0.644531,-0.771973,1.230957
818.88,0.533203,-0.747559,1.236328
818.89,0.426758,-0.67334,0.973145
818.9,0.234375,-0.674316,0.659668
818.91,-0.124512,-0.663574,0.486816
818.92,-0.400391,-0.598145,0.447754
818.93,-0.456543,-0.55957,-0.004395
818.94,-0.356445,-0.422363,-0.216309
818.95,-0.223633,-0.155273,-0.036133
818.96,-0.098633,0.170898,-0.144531
818.97,-0.138184,0.48291,-0.102539
818.98,-0.294434,0.691406,0.150879
818.99,-0.387695,0.825195,0.449219
819.0,-0.457031,0.775879,0.803223
819.01,-0.712402,0.496094,1.568359
819.02,-0.990723,0.155762,2.007324
819.03,-1.033691,-0.227051,1.888672
819.04,-0.960449,-0.509766,2.049805
819.05,-1.070313,-0.598145,2.608887
819.06,-0.942871,-0.563965,2.29834
819.07,-0.314453,-0.433594,2.085449
819.08,0.226074,-0.556152,1.700195
819.09,0.543945,-0.632813,1.304688
819.1,0.658691,-0.610352,1.206543
819.11,0.478027,-0.54248,1.005859
819.12,0.424316,-0.45752,0.626953
819.13,0.663574,-0.423828,0.29834
819.14,0.771484,-0.458008,0.177734
819.15,0.42334,-0.591309,-0.141113
819.16,-0.030273,-0.458984,-0.028809
819.17,-0.302246,-0.106934,0.121582
819.18,-0.388672,0.281738,0.271484
819.19,-0.308105,0.616699,0.421387
819.2,-0.062988,0.850586,0.32959
819.21,0.052734,0.991211,0.21582
819.22,-0.009277,0.996094,0.349121
819.23,-0.029297,0.785156,0.736328
819.24,0.223633,0.638184,1.456055
819.25,0.45459,0.42334,1.98877
819.26,0.734863,0.075684,2.157227
819.27,1.020508,-0.462891,2.509277
819.28,1.141113,-0.930176,2.294922
819.29,0.921875,-1.07666,1.837891
819.3,0.498047,-0.932617,1.364746
819.31,0.179199,-0.830078,1.067383
819.32,0.092773,-0.754883,0.766113
819.33,0.086914,-0.676758,0.551758
819.34,-0.081543,-0.452637,0.615723
819.35,-0.30957,-0.290527,0.399414
819.36,-0.351563,-0.292969,-0.038574
819.37,-0.115723,-0.15918,-0.144043
819.38,0.06543,0.015625,-0.082031
819.39,0.059082,0.293457,-0.120605
819.4,-0.065918,0.67041,0.039551
819.41,-0.345703,0.898438,0.222656
819.42,-0.564453,0.828125,0.243164
819.43,-0.508789,0.638184,0.277832
819.44,-0.413086,0.500977,0.474121
819.45,-0.574219,0.382324,1.056152
819.46,-1.01709,0.342285,2.023438
819.47,-1.560059,0.062988,1.894531
819.48,-1.33252,-0.181152,1.564453
819.49,-1.266602,-0.595703,2.584473
819.5,-1.024902,-0.99707,2.773926
819.51,-0.464355,-1.119141,2.326172
819.52,0.226074,-0.983887,2.049316
819.53,0.721191,-0.919922,1.765625
819.54,0.799316,-1.091797,1.378906
819.55,0.466797,-1.160645,1.033203
819.56,0.367676,-1.024414,0.363281
819.57,0.577637,-0.824707,0.250977
819.58,0.614258,-0.574219,0.221191
819.59,0.290527,-0.276855,0.021973
819.6,-0.063477,0.153809,-0.04248
819.61,-0.282715,0.667969,-0.032715
819.62,-0.442871,0.945313,0.057617
819.63,-0.539063,0.892578,0.115234
819.64,-0.479004,0.824707,0.253418
819.65,-0.338379,0.655762,0.229492
819.66,-0.138672,0.413574,0.205078
819.67,-0.047363,0.157715,0.335938
819.68,0.125977,0.03125,0.789063
819.69,0.441895,-0.161133,1.534668
819.7,0.608398,-0.390625,2.716797
819.71,0.776855,-0.246582,3.038086
819.72,1.157715,0.124023,2.458008
819.73,1.413574,0.035156,2.005371
819.74,1.133789,-0.351074,1.678223
819.75,0.71582,-0.724609,1.670898
819.76,0.46875,-0.869141,1.523926
819.77,0.413086,-0.865723,1.34082
819.78,0.333496,-0.738281,0.972168
819.79,0.029297,-0.585938,0.541016
819.8,-0.379883,-0.455078,0.179199
819.81,-0.687988,-0.320801,0.031738
819.82,-0.725586,-0.280273,-0.162598
819.83,-0.370117,-0.206543,-0.124023
819.84,-0.105469,0.149902,0.043945
819.85,-0.075684,0.577637,0.057129
819.86,-0.249512,0.90332,-0.006348
819.87,-0.443359,0.837402,-0.215332
819.88,-0.441406,0.539063,-0.126465
819.89,-0.283691,0.230957,0.084961
819.9,-0.197266,0.126953,0.624512
819.91,-0.43457,0.288086,1.5625
819.92,-1.018066,0.199707,2.31543
819.93,-1.546875,0.025391,2.052734
819.94,-1.366211,-0.015625,1.931641
819.95,-1.206055,-0.461426,2.675781
819.96,-1.059082,-0.870117,2.349121
819.97,-0.606934,-0.641602,2.04834
819.98,0.040527,-0.788086,1.835449
819.99,0.213379,-0.811523,1.687988
820.0,0.32666,-0.94043,1.299805
820.01,0.301758,-1.041504,0.607422
820.02,0.499512,-1.028809,0.223145
820.03,0.671875,-0.856934,0.268555
820.04,0.528809,-0.592773,0.11084
820.05,0.04541,-0.21582,0.038574
820.06,-0.237793,0.365234,0.120117
820.07,-0.265137,0.921875,0.191895
820.08,-0.230957,1.310059,0.140625
820.09,-0.205078,1.196777,0.07959
820.1,-0.159668,0.790527,-0.014648
820.11,-0.14209,0.234375,-0.09375
820.12,-0.072754,-0.245605,-0.009277
820.13,0.061523,-0.451172,0.366211
820.14,0.343262,-0.323242,1.060547
820.15,0.517578,-0.169434,1.96875
820.16,0.666016,-0.09082,2.806641
820.17,1.066895,0.234863,2.492188
820.18,1.586914,0.314453,2.053223
820.19,1.646484,-0.330566,1.857422
820.2,1.258301,-0.795898,1.73584
820.21,0.791504,-0.879395,1.58252
820.22,0.59375,-0.737305,1.402344
820.23,0.526367,-0.573242,1.318848
820.24,0.321777,-0.48877,1.008789
820.25,-0.09082,-0.447754,0.461426
820.26,-0.528809,-0.405273,0.077637
820.27,-0.760742,-0.362305,-0.091797
820.28,-0.693359,-0.352539,-0.366699
820.29,-0.399414,-0.200684,-0.178711
820.3,-0.195313,0.195801,0.124512
820.31,-0.291504,0.643066,0.09668
820.32,-0.494141,0.926758,-0.013672
820.33,-0.647461,1.098633,0.181641
820.34,-0.750488,1.272949,0.776367
820.35,-1.06543,1.005371,1.383301
820.36,-1.472168,0.482422,1.407227
820.37,-1.568359,0.199219,1.396484
820.38,-1.30957,-0.202148,1.809082
820.39,-1.384277,-0.70166,2.556152
820.4,-1.445801,-1.198242,2.450684
820.41,-0.760254,-1.112305,2.120117
820.42,-0.078125,-0.806152,1.872559
820.43,0.312012,-0.712402,1.378906
820.44,0.410156,-0.740234,1.115234
820.45,0.357422,-0.731445,0.818848
820.46,0.395508,-0.562012,0.478027
820.47,0.52832,-0.334473,0.255859
820.48,0.496094,-0.323242,0.087402
820.49,0.096191,-0.297852,-0.097656
820.5,-0.246582,-0.005371,-0.035156
820.51,-0.241699,0.332031,0.045898
820.52,-0.129883,0.768555,0.352539
820.53,0.106445,0.975586,0.271484
820.54,0.252441,0.790039,0.048828
820.55,0.165527,0.584961,0.077148
820.56,-0.039551,0.394531,0.342285
820.57,0.226074,0.384277,1.082031
820.58,0.688477,0.255371,1.505859
820.59,1.280762,0.215332,1.713379
820.6,1.53125,-0.009277,2.429688
820.61,1.466309,-0.312988,2.183594
820.62,1.466797,-0.758301,1.892578
820.63,1.291992,-1.131348,1.988281
820.64,0.833984,-1.095215,1.828613
820.65,0.485352,-1.011719,1.449707
820.66,0.37207,-0.958984,1.033691
820.67,0.362305,-0.923828,0.763184
820.68,0.261719,-0.764648,0.569336
820.69,0.008789,-0.53125,0.328613
820.7,-0.253418,-0.31543,0.069824
820.71,-0.324219,-0.114746,-0.222168
820.72,-0.230469,0.210938,-0.26123
820.73,-0.197266,0.504883,-0.315918
820.74,-0.229004,0.6875,-0.249512
820.75,-0.355469,0.715332,-0.047852
820.76,-0.503906,0.54834,0.222656
820.77,-0.585449,0.280273,0.296875
820.78,-0.628418,0.221191,0.547852
820.79,-0.858887,0.356934,1.022461
820.8,-1.263672,0.305176,1.532715
820.81,-1.598145,0.194824,1.866699
820.82,-1.399414,-0.032227,2.041016
820.83,-1.306152,-0.435059,2.516113
820.84,-1.367188,-0.869141,2.429199
820.85,-1.040039,-1.034668,2.031738
820.86,-0.473633,-0.814453,1.885254
820.87,-0.08252,-0.789063,1.677734
820.88,0.194824,-0.881348,1.562988
820.89,0.331055,-0.927246,1.416992
820.9,0.41748,-0.81543,1.024902
820.91,0.542969,-0.679688,0.507813
820.92,0.74707,-0.611328,0.26123
820.93,0.788574,-0.533691,0.341309
820.94,0.476563,-0.460938,0.183594
820.95,0.050293,-0.231934,0.037109
820.96,-0.158691,0.221191,0.003906
820.97,-0.212402,0.652832,0.032227
820.98,-0.248047,0.87207,0.060059
820.99,-0.244629,0.868652,0.068848
821.0,-0.15918,0.620117,0.003906
821.01,-0.042969,0.255371,0.098145
821.02,0.07373,-0.113281,0.152832
821.03,0.14502,-0.402344,0.305664
821.04,0.25,-0.507813,0.802734
821.05,0.436523,-0.389648,1.605957
821.06,0.573242,-0.25293,2.48584
821.07,0.587891,-0.153809,2.349609
821.08,0.839844,0.069336,1.985352
821.09,1.168457,0.001465,1.856445
821.1,1.243164,-0.419434,1.663086
821.11,1.032227,-0.612305,1.481445
821.12,0.852539,-0.669922,1.364258
821.13,0.787109,-0.688965,1.21875
821.14,0.648926,-0.728516,0.989258
821.15,0.294922,-0.740723,0.727051
821.16,-0.109863,-0.612793,0.458008
821.17,-0.348633,-0.444824,0.299316
821.18,-0.430664,-0.358398,-0.116211
821.19,-0.32373,-0.235352,-0.275391
821.2,-0.144043,0.070313,-0.083008
821.21,-0.178711,0.41748,0.00293
821.22,-0.38623,0.743164,0.065918
821.23,-0.538086,1.063965,0.313965
821.24,-0.692871,1.220703,0.65918
821.25,-1.009277,0.939941,1.067383
821.26,-1.227051,0.587402,1.272461
821.27,-1.240234,0.238281,1.416504
821.28,-1.134766,-0.275391,2.123047
821.29,-1.20166,-0.537598,2.562012
821.3,-1.220215,-0.759766,2.254395
821.31,-0.842773,-0.762207,2.062988
821.32,-0.316895,-0.66748,1.930664
821.33,0.088867,-0.574707,1.597168
821.34,0.29248,-0.563965,1.291016
821.35,0.36084,-0.602051,1.169434
821.36,0.382324,-0.566895,1.054199
821.37,0.505859,-0.472656,0.792969
821.38,0.69043,-0.477051,0.459961
821.39,0.746582,-0.534668,0.349121
821.4,0.516113,-0.600586,0.088379
821.41,0.060059,-0.453125,-0.007813
821.42,-0.107422,-0.103516,-0.037109
821.43,-0.070313,0.311523,0.063965
821.44,0.053711,0.696289,0.248047
821.45,0.101563,0.765137,0.157715
821.46,0.082031,0.668457,0.086426
821.47,-0.049805,0.528809,0.059082
821.48,-0.142578,0.294922,0.297363
821.49,0.104492,0.226074,0.912598
821.5,0.477539,0.104004,1.515137
821.51,0.708984,-0.06543,1.974121
821.52,0.772461,-0.245605,2.442871
821.53,0.979492,-0.241211,2.20166
821.54,1.06543,-0.456543,1.773438
821.55,0.923828,-0.858398,1.85498
821.56,0.61377,-0.805664,1.632813
821.57,0.387207,-0.616699,1.266602
821.58,0.334961,-0.568848,0.938477
821.59,0.352051,-0.611816,0.809082
821.6,0.23291,-0.597168,0.750488
821.61,-0.069824,-0.525391,0.547363
821.62,-0.282227,-0.396484,0.322266
821.63,-0.328125,-0.218262,0.130859
821.64,-0.168945,-0.015137,-0.098633
821.65,0.029785,0.183105,-0.159668
821.66,0.149414,0.3125,-0.108398
821.67,0.004883,0.432129,-0.043457
821.68,-0.259766,0.564941,0.070313
821.69,-0.509277,0.673828,0.157715
821.7,-0.761719,0.883301,0.515137
821.71,-1.04541,0.98877,1.037109
821.72,-1.540039,0.686035,1.256348
821.73,-1.748535,0.221191,1.284668
821.74,-1.527832,-0.239258,1.85498
821.75,-1.587402,-0.805176,2.543457
821.76,-1.721191,-1.115234,2.47168
821.77,-1.520508,-1.046387,2.196777
821.78,-0.939941,-0.890625,2.117676
821.79,-0.347168,-0.766602,1.936035
821.8,0.124023,-0.667969,1.736328
821.81,0.427734,-0.583984,1.615723
821.82,0.597168,-0.489258,1.375
821.83,0.62793,-0.33252,1.140137
821.84,0.568359,-0.254395,0.851563
821.85,0.538086,-0.267578,0.496582
821.86,0.58252,-0.282227,0.310547
821.87,0.582031,-0.325684,0.327637
821.88,0.432617,-0.418457,0.227539
821.89,0.04248,-0.37207,0.210938
821.9,-0.241699,-0.108887,0.147949
821.91,-0.336914,0.234863,0.020508
821.92,-0.365723,0.519043,0.062988
821.93,-0.388672,0.665527,0.157715
821.94,-0.362793,0.698242,0.311035
821.95,-0.258301,0.458496,0.202637
821.96,-0.057617,0.129395,0.062988
821.97,0.15918,-0.121582,0.016113
821.98,0.324707,-0.350586,0.240234
821.99,0.365234,-0.564453,0.702148
822.0,0.425293,-0.629883,1.287109
822.01,0.536621,-0.48291,1.880371
822.02,0.671387,-0.286133,2.084473
822.03,0.916992,-0.004395,2.027832
822.04,1.094727,0.031738,1.865723
822.05,1.081055,-0.266602,1.569824
822.06,0.878418,-0.636719,1.564453
822.07,0.759277,-0.832031,1.489746
822.08,0.677246,-0.790039,1.333008
822.09,0.493164,-0.64502,1.159668
822.1,0.244629,-0.507324,1.042969
822.11,-0.049316,-0.387695,0.736328
822.12,-0.310059,-0.299805,0.451172
822.13,-0.472168,-0.243652,0.153809
822.14,-0.453613,-0.205078,-0.068848
822.15,-0.290039,-0.190918,-0.154297
822.16,-0.085449,-0.112793,-0.094727
822.17,0.038086,0.149414,-0.045898
822.18,-0.013184,0.466797,0.01709
822.19,-0.205566,0.749023,0.239258
822.2,-0.509766,0.975586,0.640625
822.21,-0.947266,0.989258,1.244141
822.22,-1.508301,0.744141,1.375
822.23,-1.808105,0.668457,1.338867
822.24,-1.578613,0.347656,1.54248
822.25,-1.439941,-0.258301,2.192383
822.26,-1.570801,-0.961914,2.516602
822.27,-1.368164,-1.266602,2.10498
822.28,-0.708008,-0.875977,1.899902
822.29,-0.140625,-0.807129,1.693359
822.3,0.349121,-0.677734,1.670898
822.31,0.660645,-0.719727,1.489746
822.32,0.808594,-0.683105,1.292969
822.33,0.719727,-0.551758,1.067383
822.34,0.660156,-0.42627,0.782715
822.35,0.70459,-0.330078,0.449707
822.36,0.626953,-0.27832,0.29541
822.37,0.387695,-0.287109,0.191895
822.38,0.072754,-0.291504,-0.010254
822.39,-0.233887,-0.090332,0.01123
822.4,-0.323242,0.225586,-0.122559
822.41,-0.276855,0.495117,-0.031738
822.42,-0.161621,0.62793,0.122559
822.43,-0.063477,0.506836,0.13623
822.44,-0.006836,0.26416,0.15625
822.45,0.025391,0.130371,0.246094
822.46,0.010742,0.032227,0.372559
822.47,0.128418,0.159668,0.625
822.48,0.442383,0.475098,1.262207
822.49,0.762207,0.414551,1.825684
822.5,0.956055,0.230469,2.046875
822.51,1.143066,-0.031738,2.263672
822.52,1.338379,-0.380859,2.008301
822.53,1.18457,-0.661621,1.789551
822.54,0.802246,-0.672363,1.802246
822.55,0.506836,-0.575684,1.73291
822.56,0.300781,-0.529785,1.422852
822.57,0.242676,-0.478516,1.401855
822.58,0.187988,-0.400879,1.484863
822.59,0.046387,-0.336914,1.29541
822.6,-0.176758,-0.323242,1.009766
822.61,-0.418457,-0.346191,0.774414
822.62,-0.584473,-0.429688,0.490234
822.63,-0.606934,-0.520508,0.192871
822.64,-0.48877,-0.489746,0.045898
822.65,-0.32959,-0.334473,0.06543
822.66,-0.118164,-0.041992,0.18457
822.67,-0.051758,0.472656,0.320801
822.68,-0.251953,1.070801,0.517578
822.69,-0.675293,1.303223,0.42627
822.7,-0.958008,1.028809,0.130859
822.71,-0.799805,0.657227,0.578125
822.72,-0.634766,0.305176,1.145996
822.73,-0.643555,0.023926,1.289551
822.74,-0.776855,-0.043457,1.262695
822.75,-0.863281,-0.102539,1.240723
822.76,-0.87793,-0.277832,1.350586
822.77,-0.669922,-0.23877,1.584473
822.78,-0.461914,-0.198242,1.594238
822.79,-0.192383,-0.103516,1.581055
822.8,0.086426,-0.03125,1.574219
822.81,0.257813,-0.035645,1.460449
822.82,0.300781,-0.088867,1.350586
822.83,0.224121,-0.144531,1.260254
822.84,0.146973,-0.196289,1.213867
822.85,0.192383,-0.225586,1.19043
822.86,0.270996,-0.248047,1.040039
822.87,0.221191,-0.371582,0.840332
822.88,0.135254,-0.535156,0.660156
822.89,0.070801,-0.565918,0.341309
822.9,0.070313,-0.399414,0.261719
822.91,0.012207,-0.300781,0.209961
822.92,-0.050781,-0.160645,0.245605
822.93,0.188477,0.152832,0.088379
822.94,0.498047,0.660645,0.298828
822.95,0.67627,0.931152,0.406738
822.96,0.61084,0.832031,0.625977
822.97,0.506348,0.733398,0.961914
822.98,0.546875,0.798828,1.108887
822.99,0.575195,0.745117,1.120117
823.0,0.629883,0.604004,1.25
823.01,0.717285,0.329102,1.34668
823.02,0.639648,0.087402,1.491211
823.03,0.495117,-0.021484,1.728027
823.04,0.416504,0.0,1.948242
823.05,0.246582,-0.025391,1.90918
823.06,0.058105,-0.016113,1.699707
823.07,0.053223,0.012207,1.465332
835.53,0.149668,-0.302119,0.543652
835.54,-0.26228,-0.120459,0.246094
835.55,-0.50791,0.046328,-0.07291
835.56,-0.512397,0.207651,-0.213335
835.57,-0.387715,0.312881,-0.097139
835.58,-0.309326,0.362251,0.140625
835.59,-0.424707,0.379395,0.393066
835.6,-0.696245,0.480234,0.784141
835.61,-1.139121,0.500166,1.175703
835.62,-1.474727,0.291523,1.195503
835.63,-1.416602,0.102695,1.373125
835.64,-1.249512,-0.033813,1.855835
835.65,-1.316387,-0.373525,2.328174
835.66,-1.412456,-0.782866,2.420791
835.67,-1.236094,-1.031504,2.142695
835.68,-0.808628,-1.049971,1.861348
835.69,-0.37915,-0.891895,1.662988
835.7,-0.063892,-0.762207,1.412808
835.71,0.165176,-0.704707,1.118066
835.72,0.350752,-0.621357,0.809751
835.73,0.535254,-0.48958,0.585283
835.74,0.731812,-0.343506,0.346313
835.75,0.834688,-0.205078,0.184492
835.76,0.747417,-0.160444,0.104443
835.77,0.39791,-0.172354,0.146592
835.78,0.043872,-0.118896,0.185742
835.79,-0.085352,0.033203,0.11416
835.8,-0.103262,0.227563,0.116084
835.81,-0.057959,0.409678,0.232002
835.82,0.044551,0.520435,0.245405
835.83,0.179961,0.516113,0.282129
835.84,0.233276,0.360303,0.287891
835.85,0.305957,0.085742,0.54501
835.86,0.536094,-0.105396,1.049526
835.87,0.825801,-0.275312,1.660059
835.88,0.828682,-0.495313,2.047212
835.89,0.675732,-0.610986,2.169873
835.9,0.872461,-0.562886,2.140098
835.91,1.089863,-0.702676,1.997871
835.92,0.923022,-0.886528,1.705659
835.93,0.48875,-0.959541,1.335283
835.94,0.362183,-0.828394,1.212329
835.95,0.42959,-0.570977,1.112344
835.96,0.321787,-0.235161,0.925576
835.97,-0.085029,0.002676,0.564385
835.98,-0.411821,0.054697,0.213433
835.99,-0.460449,-0.04248,-0.118652
836.0,-0.36084,-0.164551,-0.143066
836.01,-0.20459,-0.378906,-0.062012
836.02,-0.083984,-0.504395,0.19043
836.03,-0.085938,-0.305664,0.351074
836.04,-0.236816,0.004395,0.44873
836.05,-0.447754,0.483398,0.637695
836.06,-0.764648,0.713867,0.846191
836.07,-0.939941,0.704102,0.866211
836.08,-0.951172,0.740234,1.282715
836.09,-0.966797,0.643555,1.415039
836.1,-1.054688,0.46582,1.590332
836.11,-1.178223,-0.289551,1.814453
836.12,-1.05957,-0.869629,2.363281
836.13,-0.588867,-0.876953,2.393555
836.14,-0.045898,-0.783691,2.028809
836.15,0.381348,-0.855957,1.629883
836.16,0.710449,-0.978027,1.455078
836.17,0.900391,-1.071777,1.255371
836.18,0.748047,-1.063477,1.0625
836.19,0.703613,-0.993652,0.822754
836.2,0.870117,-0.79541,0.564453
836.21,0.789551,-0.546875,0.094727
836.22,0.375488,-0.348633,-0.275391
836.23,0.096191,-0.154785,-0.24707
836.24,-0.096191,0.105957,-0.350098
836.25,-0.120117,0.266602,-0.137695
836.26,-0.140625,0.23877,0.077637
836.27,-0.126465,0.229492,0.391602
836.28,-0.007813,0.411133,0.773926
836.29,0.283203,0.749512,1.181641
836.3,0.468262,0.968262,1.318359
836.31,0.643555,1.117676,1.14209
836.32,0.6875,0.887695,0.946289
836.33,0.682617,0.510254,1.338867
836.34,0.844238,0.223633,1.997559
836.35,0.857422,-0.04541,2.130371
836.36,0.524414,-0.295898,1.899902
836.37,0.234863,-0.336426,1.814453
836.38,-0.026855,-0.395996,1.576172
836.39,0.057129,-0.607422,1.293457
836.4,0.290527,-0.84082,1.05957
836.41,0.379395,-0.995117,0.791504
836.42,0.195801,-0.987793,0.723633
836.43,-0.044434,-0.80957,0.461914
836.44,-0.125977,-0.684082,0.185547
836.45,-0.016113,-0.541016,-0.150879
836.46,0.037598,-0.230957,-0.119141
836.47,-0.050293,0.11084,0.046387
836.48,-0.13623,0.446289,0.123047
836.49,-0.188477,0.597656,0.06543
836.5,-0.053223,0.687012,0.133301
836.51,0.048828,0.745605,0.409668
836.52,-0.072754,0.504395,0.884766
836.53,-0.291016,0.382813,1.425293
836.54,-0.554199,0.373047,1.789063
836.55,-0.705566,0.181152,1.585449
836.56,-0.844727,-0.188965,1.59082
836.57,-0.885742,-0.375977,2.141602
836.58,-0.585938,-0.339844,2.195801
836.59,-0.084473,-0.190918,2.150879
836.6,0.365723,-0.133789,1.885254
836.61,0.651855,-0.04541,1.62207
836.62,0.995605,-0.113281,1.603027
836.63,0.944336,-0.286621,1.52832
836.64,0.731445,-0.588379,1.164063
836.65,0.535156,-0.858887,0.765137
836.66,0.327148,-1.043457,0.518066
836.67,0.22168,-1.036133,0.273438
836.68,0.137695,-0.841797,0.137207
836.69,-0.098145,-0.615234,0.040039
836.7,-0.269043,-0.313965,0.089844
836.71,-0.273926,0.049805,0.356445
836.72,-0.258789,0.461426,0.508789
836.73,-0.325195,0.835938,0.417969
836.74,-0.368164,1.252441,0.331055
836.75,-0.387207,1.476074,0.501953
836.76,-0.202148,1.146973,0.955566
836.77,0.089355,0.926758,1.233398
836.78,0.352051,0.813965,1.643555
836.79,0.57959,0.275879,1.981934
836.8,0.687988,-0.455566,2.229004
836.81,0.834961,-0.944336,2.488281
836.82,0.636719,-1.004883,2.358887
836.83,0.134766,-0.77002,1.681641
836.84,-0.144043,-0.525391,1.293945
836.85,-0.223145,-0.400391,1.169434
836.86,-0.12793,-0.475098,0.957031
836.87,-0.077148,-0.551758,0.712891
836.88,-0.188965,-0.589355,0.625977
836.89,-0.341797,-0.642578,0.533691
836.9,-0.232422,-0.650879,0.165039
836.91,0.018555,-0.59375,-0.206055
836.92,0.244141,-0.442383,-0.012207
836.93,0.266602,-0.187988,-0.047363
836.94,0.191895,0.255371,-0.096191
836.95,0.090332,0.805664,0.095703
836.96,-0.055664,1.151855,0.220215
836.97,-0.26123,0.973145,0.126465
836.98,-0.305664,0.494629,0.209961
836.99,-0.283691,0.13623,0.533203
837.0,-0.368164,-0.064941,1.081543
837.01,-0.641113,0.14209,2.151367
837.02,-1.089355,-0.009277,2.358398
837.03,-1.156738,-0.379395,1.344238
837.04,-1.046875,-0.654785,2.179688
837.05,-0.851563,-0.705078,2.525391
837.06,-0.523438,-0.462402,2.07373
837.07,-0.033203,-0.255371,1.728027
837.08,0.305176,-0.117188,1.591797
837.09,0.456543,-0.180176,1.438965
837.1,0.362305,-0.422852,1.11084
837.11,0.225098,-0.619141,0.593262
837.12,0.236328,-0.737305,0.263672
837.13,0.387207,-0.772949,0.209473
837.14,0.483398,-0.716309,0.061523
837.15,0.254395,-0.481445,0.160645
837.16,0.01416,-0.108398,0.269531
837.17,-0.157227,0.291504,0.27832
837.18,-0.220703,0.680664,0.317383
837.19,-0.217285,0.90625,0.130371
837.2,-0.244141,0.997559,-0.122559
837.21,-0.353516,0.908691,-0.12793
837.22,-0.512207,0.675781,0.130371
837.23,-0.243652,0.390137,0.760742
837.24,0.399902,0.865723,2.29248
837.25,0.980469,0.474121,2.759277
837.26,1.306641,-0.086914,2.178223
837.27,1.807129,-0.648438,2.151367
837.28,1.707031,-1.241211,2.024902
837.29,1.102539,-1.366211,1.937988
837.3,0.36377,-0.850098,1.60498
837.31,-0.125,-0.420898,1.321289
837.32,-0.3125,-0.338379,1.036621
837.33,-0.30127,-0.351563,0.884766
837.34,-0.389648,-0.343262,0.472656
837.35,-0.548828,-0.306152,-0.018066
837.36,-0.569336,-0.229492,-0.283691
837.37,-0.354004,-0.162109,-0.208984
837.38,-0.078613,-0.036621,0.071289
837.39,0.097168,0.287598,0.290527
837.4,0.003418,0.56543,0.173828
837.41,-0.186035,0.732422,0.113281
837.42,-0.343262,0.977051,0.314453
837.43,-0.59082,1.177734,0.795898
837.44,-0.899902,1.158203,1.38916
837.45,-1.252441,0.876953,1.725586
837.46,-1.530762,0.470703,1.213379
837.47,-1.47168,0.138672,1.43457
837.48,-1.583008,-0.428223,2.200684
837.49,-1.678711,-0.870117,2.544922
837.5,-1.11377,-0.864746,2.275879
837.51,-0.255859,-0.762695,1.989258
837.52,0.296875,-0.841797,1.666016
837.53,0.655762,-0.999023,1.416504
837.54,0.704102,-1.17041,1.099609
837.55,0.587402,-1.065918,0.600098
837.56,0.655762,-0.835449,0.199219
837.57,0.725586,-0.649414,0.007324
837.58,0.604004,-0.540527,0.067383
837.59,0.22168,-0.367676,0.140137
837.6,-0.05957,-0.008789,0.056641
837.61,-0.224121,0.39502,0.320313
837.62,-0.287109,0.697754,0.469238
837.63,-0.237793,0.884277,0.365723
837.64,-0.096191,0.945313,0.17041
837.65,0.006836,0.824707,0.225586
837.66,-0.118652,0.430176,0.240234
837.67,-0.194336,-0.025879,0.497559
837.68,0.091309,-0.175781,1.05957
837.69,0.615723,-0.029785,2.230957
837.7,1.035156,-0.337891,2.87207
837.71,0.991699,-0.551758,2.386719
837.72,1.008301,-0.484863,2.068848
837.73,1.028809,-0.693848,1.594727
837.74,0.978516,-0.748047,1.405762
837.75,0.691895,-0.821777,1.23877
837.76,0.476074,-0.757324,1.05957
837.77,0.302246,-0.682129,0.842285
837.78,-0.00293,-0.664063,0.540039
837.79,-0.344727,-0.505859,0.350586
837.8,-0.506836,-0.278809,0.133789
837.81,-0.430176,-0.068848,-0.271973
837.82,-0.210449,0.265137,-0.302246
837.83,-0.104492,0.695801,-0.044434
837.84,-0.18457,0.874512,-0.194824
837.85,-0.319336,0.73291,-0.22168
837.86,-0.35498,0.541504,0.100098
837.87,-0.341797,0.374512,0.501953
837.88,-0.523926,0.320801,1.228516
837.89,-0.943848,0.425293,2.132813
837.9,-1.561035,0.484863,1.897949
837.91,-1.531738,0.381836,1.429199
837.92,-1.36377,-0.11084,2.11084
837.93,-1.592773,-0.597656,2.813477
837.94,-1.319336,-0.813477,2.240234
837.95,-0.480469,-0.793457,2.025879
837.96,0.263184,-0.782715,1.748047
837.97,0.680176,-0.942871,1.365234
837.98,0.862305,-1.192383,1.388184
837.99,0.674805,-1.228027,0.870117
838.0,0.744141,-1.09082,0.200195
838.01,1.024902,-0.984375,0.091797
838.02,0.950684,-0.901855,0.135742
838.03,0.329102,-0.642578,0.064453
838.04,-0.100586,-0.162598,0.010254
838.05,-0.203125,0.447266,0.359375
838.06,-0.23584,0.963379,0.412109
838.07,-0.258301,1.231445,0.226563
838.08,-0.195313,1.175293,0.077148
838.09,-0.123047,0.787109,-0.02832
838.1,-0.094727,0.189453,0.023926
838.11,-0.155273,-0.378906,0.337402
838.12,-0.092773,-0.661621,0.859375
838.13,0.136719,-0.537109,1.65332
838.14,0.244629,-0.398926,2.624023
838.15,0.480957,-0.01123,2.794434
838.16,0.962402,0.34668,2.313965
838.17,1.172852,-0.07666,1.759766
838.18,1.010254,-0.529785,1.485352
838.19,0.722168,-0.711914,1.29834
838.2,0.641113,-0.574707,1.230957
838.21,0.563477,-0.430664,1.227539
838.22,0.218262,-0.353516,1.003906
838.23,-0.249023,-0.299316,0.543457
838.24,-0.528809,-0.311523,0.199707
838.25,-0.51123,-0.378906,-0.067871
838.26,-0.282715,-0.488281,-0.315918
838.27,-0.055664,-0.338379,-0.086914
838.28,0.041504,0.143555,0.257324
838.29,-0.183105,0.57666,0.028809
838.3,-0.379883,0.837402,-0.168457
838.31,-0.477539,1.019531,0.137695
838.32,-0.589355,1.081543,0.722168
838.33,-0.907715,0.904297,1.483398
838.34,-1.384766,0.364258,1.606934
838.35,-1.474609,-0.133789,1.532715
838.36,-1.269043,-0.441895,2.139648
838.37,-1.367188,-0.75293,2.40918
838.38,-1.248535,-1.04248,2.227539
838.39,-0.653809,-0.900879,2.070801
838.4,-0.130859,-0.652344,1.753418
838.41,0.099609,-0.737305,1.324707
838.42,0.220703,-0.799316,1.131836
838.43,0.305664,-0.879883,0.808105
838.44,0.505371,-0.830566,0.417969
838.45,0.686523,-0.664063,0.236816
838.46,0.724121,-0.522461,0.078613
838.47,0.296387,-0.358887,0.091309
838.48,-0.072754,-0.019531,0.113281
838.49,-0.23877,0.313477,0.075684
838.5,-0.266602,0.709473,0.354004
838.51,-0.169922,0.947754,0.274902
838.52,-0.032227,0.904297,0.011719
838.53,0.025391,0.681152,-0.053223
838.54,-0.077637,0.438477,0.150391
838.55,0.068848,0.305176,0.595703
838.56,0.502441,0.178711,1.493164
838.57,0.874512,-0.056152,2.421387
838.58,1.026367,-0.210449,2.891113
838.59,1.126953,-0.14502,2.157227
838.6,1.253418,-0.484375,1.939453
838.61,1.213867,-0.983398,1.845703
838.62,0.930176,-1.071777,1.703613
838.63,0.62207,-0.796387,1.424316
838.64,0.589355,-0.65625,1.117188
838.65,0.576172,-0.612305,0.956055
838.66,0.22168,-0.523438,0.598145
838.67,-0.321777,-0.35791,0.214844
838.68,-0.631348,-0.257324,-0.060547
838.69,-0.625977,-0.267578,-0.361816
838.7,-0.329102,-0.155762,-0.313477
838.71,-0.100098,0.289551,0.080078
838.72,-0.152832,0.720703,0.203125
838.73,-0.402344,0.846191,0.043945
838.74,-0.598633,0.814453,-0.060547
838.75,-0.598145,0.858398,0.304688
838.76,-0.689941,0.883301,0.897461
838.77,-1.003418,0.739746,1.419434
838.78,-1.527344,0.487305,1.543945
838.79,-1.689941,0.27832,1.603027
838.8,-1.612793,-0.124023,1.863281
838.81,-1.731934,-0.617188,2.351563
838.82,-1.465332,-0.945313,2.313477
838.83,-0.781738,-0.942871,2.28125
838.84,-0.105957,-0.914063,2.004395
838.85,0.283203,-1.007813,1.671387
838.86,0.459473,-1.112793,1.393555
838.87,0.513184,-1.053711,0.951172
838.88,0.51416,-0.875488,0.422363
838.89,0.633301,-0.725586,0.103516
838.9,0.712402,-0.55127,0.069824
838.91,0.504883,-0.351563,0.055176
838.92,0.051758,0.037598,0.138672
838.93,-0.164063,0.519043,0.075684
838.94,-0.233887,0.946289,0.140137
838.95,-0.244141,1.105957,0.04541
838.96,-0.214844,0.904297,-0.005859
838.97,-0.138672,0.618652,-0.004883
838.98,-0.074219,0.308105,0.089355
838.99,-0.020508,-0.042969,0.222168
839.0,0.020996,-0.345215,0.422363
839.01,0.210449,-0.448242,0.870605
839.02,0.512695,-0.362305,1.822754
839.03,0.722656,-0.336914,2.858887
839.04,0.889648,-0.203125,2.8125
839.05,1.209961,0.003906,2.179199
839.06,1.422363,-0.203125,1.618164
839.07,1.231934,-0.720215,1.451172
839.08,0.816895,-0.871582,1.45166
839.09,0.57373,-0.77002,1.413574
839.1,0.445801,-0.59375,1.396484
839.11,0.244629,-0.504395,1.179688
839.12,-0.096191,-0.479004,0.811523
839.13,-0.487305,-0.440918,0.347656
839.14,-0.778809,-0.394043,0.121094
839.15,-0.825195,-0.364258,0.040039
839.16,-0.595703,-0.409668,-0.091797
839.17,-0.287598,-0.268555,0.047852
839.18,-0.127441,0.129395,0.037109
839.19,-0.182129,0.574219,-0.026367
839.2,-0.299316,0.902344,0.027344
839.21,-0.438965,1.097168,0.279785
839.22,-0.606445,1.10791,0.833008
839.23,-0.922363,0.907227,1.464844
839.24,-1.126953,0.411621,1.375488
839.25,-1.077148,-0.094727,1.477539
839.26,-0.979004,-0.452148,2.11377
839.27,-0.95752,-0.652344,2.603516
839.28,-0.814941,-0.745117,2.166992
839.29,-0.44043,-0.631836,1.90918
839.3,0.046387,-0.468262,1.705566
839.31,0.375488,-0.43457,1.412598
839.32,0.477051,-0.638672,1.247559
839.33,0.382813,-0.793457,1.09668
839.34,0.331543,-0.731445,0.835938
839.35,0.452637,-0.61377,0.562012
839.36,0.472656,-0.59668,0.288574
839.37,0.212402,-0.633301,0.001465
839.38,-0.219727,-0.473145,-0.211914
839.39,-0.39502,-0.029785,-0.288086
839.4,-0.286133,0.537109,-0.135742
839.41,-0.140137,1.013672,0.098633
839.42,-0.022461,1.208008,0.112793
839.43,-0.07373,1.134277,0.094727
839.44,0.09082,1.216797,0.56543
839.45,0.316406,1.32959,1.635254
839.46,0.603516,0.894531,1.649414
839.47,1.004883,0.651367,1.601074
839.48,1.550781,-0.077637,1.705078
839.49,1.372559,-0.837891,2.190918
839.5,1.129395,-0.906738,1.847168
839.51,0.84082,-0.416992,2.144531
839.52,0.432129,-0.046875,2.138672
839.53,0.147949,-0.09375,1.67627
839.54,0.202148,-0.239746,1.36084
839.55,0.367188,-0.293457,1.009277
839.56,0.425293,-0.296387,0.817871
839.57,0.285645,-0.26123,0.446289
839.58,0.051758,-0.245605,0.154785
839.59,-0.07959,-0.275879,0.055664
839.6,-0.074219,-0.311523,0.029785
839.61,0.091309,-0.241211,-0.010742
839.62,0.256348,0.221191,0.236328
839.63,0.124512,0.737793,0.231934
839.64,-0.217285,1.273438,0.410156
839.65,-0.602539,1.444336,0.96875
839.66,-0.911621,1.112305,0.976074
839.67,-0.802734,0.710938,0.941895
839.68,-0.624023,0.253906,0.958984
839.69,-0.632813,-0.12207,1.46582
839.7,-0.86377,-0.527832,2.23584
839.71,-0.847168,-0.691895,2.269531
839.72,-0.633789,-0.562988,1.929199
839.73,-0.29248,-0.371094,1.651855
839.74,-0.014648,-0.242188,1.463867
839.75,0.187012,-0.177246,1.427246
839.76,0.282715,-0.245117,1.312988
839.77,0.393066,-0.256836,1.312012
839.78,0.525879,-0.020996,1.130371
839.79,0.765137,0.36377,0.92627
839.8,0.984375,0.648926,0.651367
839.81,1.025879,0.662598,0.363281
839.82,0.941406,0.229492,0.054199
839.83,0.754395,-0.483887,-0.01416
839.84,0.56543,-1.068848,0.041504
839.85,0.474121,-1.009277,-0.012207
839.86,0.691406,-0.452637,-0.050781
839.87,0.744629,-0.064941,0.002441
839.88,0.040039,-0.364258,0.181152
839.89,-0.682617,-0.835449,0.71875
839.9,-0.263672,0.036621,1.493652
839.91,-0.134277,1.081543,1.586426
839.92,-0.073242,1.689941,1.311523
839.93,0.284668,1.498047,1.181641
839.94,0.375,0.76123,1.408203
839.95,0.290039,0.114746,1.693848
839.96,0.22998,-0.26709,1.876465
839.97,0.203613,-0.426758,1.833496
839.98,0.198242,-0.452148,1.625977
839.99,0.287109,-0.41748,1.495117
840.0,0.396973,-0.410645,1.389648
840.01,0.428711,-0.446289,1.19873
840.02,0.397461,-0.42041,0.901855
840.03,0.29834,-0.315918,0.79541
840.04,0.125,-0.239258,0.556641
840.05,-0.015137,-0.191895,0.180176
840.06,-0.065918,-0.18457,-0.006836
840.07,0.07959,-0.120117,0.033203
840.08,0.295898,-0.050781,0.282227
840.09,0.331543,0.200684,0.652832
840.1,0.013184,0.46582,0.822754
840.11,-0.316406,0.652832,0.757324
840.12,-0.467773,0.830078,0.921875
840.13,-0.556641,0.895996,1.056641
840.14,-0.55127,0.752441,1.148438
840.15,-0.546875,0.501465,1.29541
840.16,-0.629883,0.205566,1.491699
840.17,-0.797363,-0.121094,1.660156
840.18,-0.79834,-0.257324,1.848145
840.19,-0.520996,-0.353027,1.986816
840.2,-0.067383,-0.40625,1.881348
840.21,0.334961,-0.416504,1.508301
840.22,0.659668,-0.48584,1.228516
840.23,0.847656,-0.635254,1.372559
840.24,0.837402,-0.677734,1.42334
840.25,0.956543,-0.560547,1.130859
840.26,1.0625,-0.330566,0.726563
840.27,0.936523,-0.39502,0.34668
840.28,0.672852,-0.599609,0.039551
840.29,0.556641,-0.619629,-0.02832
840.3,0.628906,-0.45166,0.293945
840.31,0.845215,0.076172,0.521973
840.32,0.95752,0.839844,0.484375
840.33,0.818359,1.23877,0.299316
840.34,0.665039,1.30957,0.525879
840.35,0.587402,1.111328,0.817871
840.36,0.507813,0.630859,1.002441
840.37,0.477051,0.233398,1.170898
840.38,0.484863,0.116699,1.144531
840.39,0.414551,0.06543,1.261719
840.4,0.351563,-0.068848,1.544434
840.41,0.262207,-0.334961,1.546387
840.42,0.003418,-0.494629,1.407715
840.43,-0.140137,-0.569336,1.467285
840.44,-0.24707,-0.678223,1.331055
840.45,-0.245605,-0.809082,1.077637
840.46,-0.218262,-0.772461,0.958008
840.47,-0.217773,-0.574707,0.649414
840.48,-0.01416,-0.291504,0.29248
840.49,0.22998,-0.236816,0.120117
840.5,0.359375,-0.292969,0.129395
840.51,0.410645,-0.322266,0.179688
840.52,0.387695,-0.270508,0.174316
840.53,0.274414,-0.150391,0.286621
840.54,0.023926,-0.120117,0.400391
840.55,-0.20166,0.028809,0.705566
840.56,-0.504395,0.397949,1.02002
840.57,-0.835449,0.387695,1.17627
840.58,-0.963379,0.315918,1.334961
840.59,-0.845215,0.366699,1.532227
840.6,-0.78125,0.195313,1.709961
840.61,-0.816406,-0.324219,2.043945
840.62,-0.748047,-0.53418,2.004883
840.63,-0.50293,-0.595703,2.054688
840.64,-0.089844,-0.647949,2.05127
840.65,0.308105,-0.588867,1.879883
840.66,0.57373,-0.532227,1.55127
840.67,0.661621,-0.520508,1.180176
840.68,0.665527,-0.571777,0.933105
840.69,0.702637,-0.65918,0.831543
840.7,0.827637,-0.706055,0.693848
840.71,0.794922,-0.675293,0.251465
840.72,0.534668,-0.588379,-0.164063
840.73,0.138672,-0.472656,-0.060059
840.74,-0.078613,-0.310059,0.187012
840.75,-0.112793,-0.168457,0.286133
840.76,-0.049805,-0.05957,0.465332
840.77,0.079102,0.186523,0.35498
840.78,0.131836,0.529297,0.191406
840.79,0.140137,0.607422,0.168945
840.8,0.120117,0.443848,0.383789
840.81,0.313477,0.374023,1.089355
840.82,0.552246,0.167969,1.41748
840.83,0.582031,-0.021973,1.830566
840.84,0.531738,-0.391113,2.211914
840.85,0.666016,-0.698242,2.108887
840.86,0.706543,-0.912598,2.046875
840.87,0.525879,-0.907227,1.866699
840.88,0.213379,-0.76416,1.345703
840.89,0.040527,-0.665527,1.149414
840.9,-0.01416,-0.651855,0.966797
840.91,0.010254,-0.59668,0.787598
840.92,-0.021973,-0.411133,0.582031
840.93,-0.189941,-0.263672,0.375977
840.94,-0.280273,-0.176758,0.219727
840.95,-0.166992,-0.111816,0.134277
840.96,0.058594,-0.114746,0.102051
840.97,0.276855,0.023438,-0.160645
840.98,0.378906,0.238281,-0.12207
840.99,0.16748,0.460449,0.354004
841.0,-0.17334,0.644043,0.654297
841.01,-0.515137,0.751953,1.174316
841.02,-0.941895,0.664551,1.288086
841.03,-1.068848,0.52002,1.384277
841.04,-1.186035,0.273438,1.740723
841.05,-1.120117,-0.329102,2.157227
841.06,-1.096191,-0.986328,2.470215
841.07,-0.8125,-1.011719,2.442383
841.08,-0.444336,-0.949219,2.224609
841.09,0.032227,-0.88916,1.736328
841.1,0.482422,-0.731934,1.612793
841.11,0.731934,-0.617676,1.431641
841.12,0.645996,-0.555176,1.074219
841.13,0.532715,-0.486328,0.70166
841.14,0.683594,-0.410156,0.45459
841.15,0.854492,-0.347168,0.376953
841.16,0.770996,-0.339844,0.197266
841.17,0.334473,-0.304199,0.009766
841.18,-0.111328,-0.100586,0.004395
841.19,-0.31543,0.149414,-0.092285
841.2,-0.333008,0.32959,0.082031
841.21,-0.27832,0.391602,0.200684
841.22,-0.140625,0.465332,0.297852
841.23,-0.008301,0.451172,0.246582
841.24,0.072754,0.30957,0.15625
841.25,0.164551,0.093262,0.297852
841.26,0.472656,-0.092773,0.828613
841.27,0.87793,-0.14502,1.674805
841.28,1.218262,-0.164551,2.054688
841.29,1.29834,-0.21582,2.412109
841.3,1.407715,-0.144043,2.077148
841.31,1.39209,-0.450195,1.777832
841.32,1.145508,-0.838867,1.675293
841.33,0.829102,-0.824219,1.484375
841.34,0.47168,-0.853027,1.26123
841.35,0.14502,-0.77832,1.219238
841.36,-0.100586,-0.605957,0.951172
841.37,-0.300293,-0.352051,0.727539
841.38,-0.510254,-0.109863,0.415039
841.39,-0.613281,-0.140137,0.087402
841.4,-0.520508,-0.345703,-0.086426
841.41,-0.412109,-0.447266,-0.241699
841.42,-0.186035,-0.234863,-0.034668
841.43,-0.106934,0.125488,-0.012207
841.44,-0.13916,0.439453,0.067383
841.45,-0.230957,0.635742,0.285156
841.46,-0.369629,0.757324,0.603516
841.47,-0.611816,0.833496,1.21875
841.48,-1.044922,0.784668,1.441406
841.49,-1.428711,0.659668,1.125488
841.5,-1.46582,0.376465,1.483887
841.51,-1.318359,-0.207031,2.033203
841.52,-1.409668,-0.632813,2.298828
841.53,-1.392578,-0.76709,2.161621
841.54,-0.868164,-0.735352,2.137207
841.55,-0.367676,-0.789551,1.955566
841.56,0.098633,-0.824219,1.782715
841.57,0.449707,-0.850586,1.66748
841.58,0.663086,-0.856934,1.34668
841.59,0.675293,-0.788574,0.992676
841.6,0.572754,-0.725098,0.610352
841.61,0.628906,-0.669434,0.342285
841.62,0.754395,-0.564453,0.223633
841.63,0.649414,-0.466309,0.059082
841.64,0.236328,-0.257324,0.17334
841.65,-0.041016,0.026855,0.091309
841.66,-0.147461,0.439453,0.122559
841.67,-0.256836,0.649902,0.037109
841.68,-0.326172,0.625977,0.124512
841.69,-0.242188,0.508301,0.194824
841.7,-0.054688,0.302246,0.246094
841.71,0.125977,0.07373,0.200195
841.72,0.263184,-0.191406,0.239258
841.73,0.274414,-0.499512,0.475586
841.74,0.225098,-0.711914,0.904297
841.75,0.276855,-0.605469,1.618652
841.76,0.398438,-0.319824,2.202148
841.77,0.505371,0.04834,2.155762
841.78,0.717773,0.25,2.086914
841.79,1.010254,0.051758,1.977539
841.8,1.052246,-0.505859,1.786621
841.81,0.960449,-0.71582,1.53125
841.82,0.797852,-0.818848,1.441895
841.83,0.635254,-0.727051,1.32373
841.84,0.404297,-0.64209,0.983887
841.85,0.084473,-0.625488,0.757324
841.86,-0.205078,-0.580078,0.528809
841.87,-0.362793,-0.524902,0.28418
841.88,-0.404297,-0.418945,0.078125
841.89,-0.270996,-0.256836,0.067871
841.9,-0.111328,0.02832,0.077637
841.91,-0.067383,0.366211,-0.074707
841.92,-0.12207,0.595703,-0.202148
841.93,-0.200684,0.691406,-0.091797
841.94,-0.253418,0.559082,0.044922
841.95,-0.339355,0.351074,0.220703
841.96,-0.432617,0.288086,0.603027
841.97,-0.643555,0.240723,1.211426
841.98,-1.012207,0.115234,1.739258
841.99,-1.148926,0.120117,1.880371
842.0,-1.07373,-0.061035,2.647461
842.01,-1.076172,-0.539551,2.886719
842.02,-0.970703,-0.922852,2.396973
842.03,-0.554199,-0.990723,2.105957
842.04,-0.14502,-0.701172,1.897949
842.05,0.161621,-0.344727,1.651855
842.06,0.253906,-0.521973,1.479492
842.07,0.484863,-0.480469,1.356445
842.08,0.704102,-0.510742,0.885742
842.09,1.007324,-0.587402,0.551758
842.1,1.077148,-0.651367,0.463867
842.11,0.779785,-0.72998,0.274414
842.12,0.369629,-0.608398,0.09375
842.13,-0.091309,-0.339355,0.056152
842.14,-0.305176,0.039551,-0.063965
842.15,-0.274414,0.406738,0.010254
842.16,-0.303711,0.644531,0.106445
842.17,-0.280762,0.770508,0.196289
842.18,-0.256348,0.589844,0.105957
842.19,-0.160645,0.217285,0.022949
842.2,0.032227,-0.123047,0.130859
842.21,0.255371,-0.375488,0.471191
842.22,0.399414,-0.509277,0.769531
842.23,0.407227,-0.470215,1.385254
842.24,0.492676,-0.133789,2.31543
842.25,0.683105,0.134277,2.520508
842.26,1.054199,0.206055,2.23877
842.27,1.282227,-0.088867,2.214844
842.28,0.907715,-0.595215,1.8125
842.29,0.598633,-0.699707,1.688477
842.3,0.534668,-0.699707,1.518555
842.31,0.462402,-0.70752,1.362305
842.32,0.27002,-0.699707,1.161621
842.33,-0.004395,-0.648926,0.936523
842.34,-0.274902,-0.556641,0.668457
842.35,-0.435547,-0.435059,0.396484
842.36,-0.51416,-0.359375,0.029785
842.37,-0.466797,-0.268066,-0.104492
842.38,-0.273926,-0.083984,-0.056152
842.39,-0.103027,0.192383,-0.007813
842.4,-0.077637,0.479004,-0.06543
842.41,-0.216309,0.689453,-0.09082
842.42,-0.34668,0.835938,0.120117
842.43,-0.500977,0.804199,0.441406
842.44,-0.711914,0.623535,0.997559
842.45,-1.093262,0.317383,1.479004
842.46,-1.275391,0.158203,1.47168
842.47,-1.133301,-0.04248,1.535156
842.48,-0.937012,-0.42041,2.200195
842.49,-1.001953,-0.909668,2.3125
842.5,-0.745605,-0.939941,2.262695
842.51,-0.300781,-0.792969,2.195313
842.52,0.11084,-0.744629,1.85498
842.53,0.34668,-0.75293,1.592285
842.54,0.405273,-0.71582,1.323242
842.55,0.34668,-0.599121,0.963379
842.56,0.383301,-0.533691,0.672363
842.57,0.624512,-0.520508,0.506836
842.58,0.793945,-0.410645,0.416992
842.59,0.657227,-0.356445,0.081055
842.6,0.15332,-0.282227,0.041992
842.61,-0.222656,-0.098633,0.056641
842.62,-0.415039,0.164551,0.052734
842.63,-0.467773,0.435547,0.115723
842.64,-0.377441,0.69873,0.257813
842.65,-0.178711,0.778809,0.217285
842.66,-0.008789,0.557129,0.080078
842.67,0.088379,0.242188,0.092773
842.68,0.14209,-0.006348,0.349121
842.69,0.336426,-0.060547,0.831055
842.7,0.714355,0.060059,1.740723
842.71,0.963379,0.018066,2.308105
842.72,0.954102,-0.200195,2.458984
842.73,1.191406,-0.373535,2.161621
842.74,1.251953,-0.602539,2.050781
842.75,0.953125,-0.874023,2.010742
842.76,0.679688,-0.997559,1.682617
842.77,0.612305,-1.075195,1.401367
842.78,0.581543,-1.030273,1.177734
842.79,0.42041,-0.849121,0.972656
842.8,0.143066,-0.586914,0.577148
842.81,-0.138184,-0.339844,0.168457
842.82,-0.311035,-0.112305,-0.077148
842.83,-0.345215,0.02002,-0.162109
842.84,-0.244141,0.161133,-0.13623
842.85,-0.134277,0.343262,-0.101074
842.86,-0.133301,0.453125,-0.109375
842.87,-0.236816,0.466309,0.086426
842.88,-0.37207,0.458008,0.369141
842.89,-0.482422,0.476074,0.638672
842.9,-0.650391,0.497559,1.151367
842.91,-0.933105,0.45459,1.344238
842.92,-1.143066,0.445801,1.472656
842.93,-1.248535,0.381836,1.693359
842.94,-1.20752,-0.093262,1.942383
842.95,-1.328125,-0.631348,2.273926
842.96,-1.209961,-0.806641,2.445313
842.97,-0.484863,-0.641602,2.249023
842.98,-0.011719,-0.782227,1.848145
842.99,0.446777,-0.861816,1.574707
843.0,0.694336,-0.956543,1.415527
843.01,0.672363,-0.996582,1.23584
843.02,0.580078,-0.963379,0.728516
843.03,0.756348,-0.826172,0.275879
843.04,0.848145,-0.717285,0.04541
843.05,0.544434,-0.640137,-0.067383
843.06,0.158691,-0.424316,-0.025391
843.07,-0.009277,0.00293,0.190918
843.08,-0.116211,0.412109,0.225586
843.09,-0.143066,0.555664,0.210449
843.1,-0.116211,0.562012,0.275879
843.11,-0.019531,0.639648,0.123535
843.12,0.021484,0.610352,-0.035156
843.13,-0.039551,0.450684,0.092285
843.14,-0.036621,0.121582,0.437988
843.15,0.198242,-0.087891,1.147949
843.16,0.536621,0.052734,2.077637
843.17,0.712891,0.05957,2.524414
843.18,0.679688,-0.12793,2.36377
843.19,0.755371,-0.510742,1.974121
843.2,0.936523,-0.710938,2.416504
843.21,0.648438,-0.722168,2.097656
843.22,0.232422,-0.571289,1.394043
843.23,0.061035,-0.550293,1.236816
843.24,0.061035,-0.550293,1.236816
843.25,0.121094,-0.679199,1.115234
843.26,0.11377,-0.845703,0.791016
843.27,-0.026367,-0.987305,0.602539
843.28,-0.147949,-0.868652,0.401367
843.29,-0.128906,-0.581543,-0.008301
843.3,-0.01416,-0.263184,-0.029785
843.31,0.062988,-0.036621,0.036133
843.32,0.042969,0.183105,-0.062012
843.33,-0.024414,0.554688,-0.152344
843.34,-0.160156,0.931152,-0.025391
843.35,-0.32666,1.058594,0.124512
843.36,-0.429688,0.940918,0.416992
843.37,-0.492676,0.561523,0.884277
843.38,-0.725586,0.269531,1.659668
843.39,-0.990234,0.134277,1.822266
843.4,-1.14502,-0.066895,1.612793
843.41,-1.155762,-0.36084,2.124512
843.42,-1.269043,-0.642578,2.537598
843.43,-1.039063,-0.773926,2.635254
843.44,-0.376953,-0.744629,2.288086
843.45,0.187012,-0.593262,1.643066
843.46,0.53125,-0.52002,1.260254
843.47,0.659668,-0.574219,1.144531
843.48,0.501465,-0.703613,1.027344
843.49,0.493164,-0.736328,0.594727
843.5,0.794922,-0.733398,0.296387
843.51,0.935547,-0.744141,0.20459
843.52,0.467773,-0.696777,-0.010742
843.53,-0.061035,-0.428223,-0.080078
843.54,-0.306641,0.020996,0.005859
843.55,-0.328125,0.437012,0.226074
843.56,-0.218262,0.694824,0.30127
843.57,-0.02832,0.916504,0.187012
843.58,0.091797,0.959473,0.09375
843.59,0.039063,0.756836,0.16748
843.6,0.027832,0.404785,0.514648
843.61,0.341309,0.29248,1.431152
843.62,0.639648,0.20752,2.037109
843.63,0.830566,0.12793,2.213379
843.64,1.157715,-0.222168,2.30957
843.65,1.446289,-0.680664,2.000977
843.66,1.450195,-1.013672,1.92627
843.67,0.891113,-0.890137,1.676758
843.68,0.44873,-0.663574,1.250488
843.69,0.303711,-0.693848,0.892578
843.7,0.243652,-0.821777,0.666992
843.71,0.015625,-0.810547,0.596191
843.72,-0.316895,-0.595703,0.47168
843.73,-0.492676,-0.441895,-0.005371
843.74,-0.361328,-0.224609,-0.239746
843.75,-0.103027,0.032715,-0.097168
843.76,-0.023438,0.304688,0.021973
843.77,-0.136719,0.546875,0.148438
843.78,-0.394043,0.76709,0.199219
843.79,-0.597656,0.819336,0.08252
843.8,-0.639648,0.753906,0.175781
843.81,-0.637695,0.602539,0.553711
843.82,-0.817871,0.521484,1.595215
843.83,-1.441406,0.274414,2.196777
843.84,-1.592285,0.035156,1.644531
843.85,-1.285645,-0.460449,2.369629
843.86,-1.155762,-1.103516,2.777832
843.87,-0.710938,-1.27832,2.411133
843.88,-0.075195,-1.273926,2.269531
843.89,0.527832,-0.847168,1.894531
843.9,0.742676,-0.774414,1.358887
843.91,0.634277,-0.785156,1.119629
843.92,0.463867,-0.775879,0.639648
843.93,0.666992,-0.702148,0.29541
843.94,0.82959,-0.557129,0.209961
843.95,0.771484,-0.446777,0.139648
843.96,0.300293,-0.248535,0.028809
843.97,-0.080078,0.179688,0.053711
843.98,-0.321777,0.613281,0.044434
843.99,-0.458984,0.878906,0.128906
844.0,-0.543945,0.913086,0.152344
844.01,-0.532715,0.837891,0.003906
844.02,-0.38916,0.54248,-0.024414
844.03,-0.191406,0.081543,0.022949
844.04,0.056152,-0.291992,0.36084
844.05,0.69873,-0.391602,1.130859
844.06,1.294922,-0.12207,2.365723
844.07,1.357422,0.054199,2.857422
844.08,1.009766,-0.097656,2.17627
844.09,1.116699,-0.294922,2.04541
844.1,1.153809,-0.708496,2.029297
844.11,0.870605,-0.930176,1.73291
